,id,title,score,stars,content
0,1292052,肖申克的救赎,4,4078,人的生命不过是从一个洞穴通往另一个世界..然后在那个世界的雨中继续颤抖.i hope
0,1292052,肖申克的救赎,5,20829,当年的奥斯卡颁奖礼上，被如日中天的《阿甘正传》掩盖了它的光彩，而随着时间的推移，这部电影在越来越多的人们心中的地位已超越了《阿甘》。每当现实令我疲惫得产生无力感，翻出这张碟，就重获力量。毫无疑问，本片位列男人必看的电影前三名！回顾那一段经典台词：“有的人的羽翼是如此光辉，即使世界上最黑暗的牢狱，也无法长久地将他围困！”
0,1292052,肖申克的救赎,5,34083,不需要女主角的好电影
0,1292052,肖申克的救赎,5,22749,恐惧让你沦为囚犯，希望让你重获自由。——《肖申克的救赎》
0,1292052,肖申克的救赎,5,11096,"“这是一部男人必看的电影。”人人都这么说。但单纯从性别区分，就会让这电影变狭隘。《肖申克的救赎》突破了男人电影的局限，通篇几乎充满令人难以置信的温馨基调，而电影里最伟大的主题是“希望”。当我们无奈地遇到了如同肖申克一般囚禁了心灵自由的那种囹圄，我们是无奈的老布鲁克，灰心的瑞德，还是智慧的安迪？运用智慧，信任希望，并且勇敢面对恐惧心理，去打败它？经典的电影之所以经典，因为他们都在做同一件事——让你从不同的角度来欣赏希望的美好。"
0,1292052,肖申克的救赎,5,16908,策划了19年的私奔……
0,1292052,肖申克的救赎,5,12375,关于希望最强有力的注释。
0,1292052,肖申克的救赎,5,12452,有种鸟是关不住的.
0,1292052,肖申克的救赎,4,2472,"Hope is a good thing, and maybe the best thing of all."
0,1292052,肖申克的救赎,4,725,不愧是好莱坞大片，一环扣一环，没想到最后不但逃生生天还偷偷把典狱长的贪污转移了出来，证据也送达了出去，帮助了曾经关心过自己的人，情节安排的巧妙，演员演绎的也好，是美国的，有爱国情节的我给打四分
0,1292052,肖申克的救赎,4,463,绝对是期待过高导致有点失望
0,1292052,肖申克的救赎,5,6883,"超级喜欢超级喜欢,不看的话人生不圆满."
0,1292052,肖申克的救赎,5,4465,"Fear Can Hold You Prisoner, Hope Can Set You Free"
0,1292052,肖申克的救赎,5,5348,这样的男人谁会舍得背叛。。。
0,1292052,肖申克的救赎,5,4719,"一部没有爱情与美女的电影,却光芒四射"
0,1292052,肖申克的救赎,5,2706,没有人会不喜欢吧！书和电影都好。
0,1292052,肖申克的救赎,5,1469,“你知道，有些鸟儿是注定不会被关在牢笼里的，它们的每一片羽毛都闪耀着自由的光辉。”一部经得起时间检验的电影，豆瓣、时光网、IMDb各大电影网站都排名第一的电影。
0,1292052,肖申克的救赎,5,1048,因为1994年台湾引进了一部比较卖座的老片The Sting，被错译成了《刺激》。到了1995年本片上映时，片商觉得其剧情与《刺激》有类似的地方（大概都属于高智商的复仇？），因此被译成了《刺激1995》，1998年又有一部片子Return To Paradise因为含有牢狱情节，被译成《刺激1998》！
0,1292052,肖申克的救赎,5,1412,一部没有女主，没有爱情，没有特技的好片子，也是很多大学英语老师喜欢放给学生看的片子，这部片子讲诉的就是一个很纯粹的故事，一次的救赎，换回了自由，也是一种信念驱使他这么做，这部片子是感人的，它也让很多人成长。
0,1292052,肖申克的救赎,5,1446,还记得老brooks上吊自杀时心里有多难过。自由来的太晚，生命早已自行放弃。
0,1292052,肖申克的救赎,2,2181,真的不喜欢，不好看，没感觉
0,1292052,肖申克的救赎,5,1339,这部电影没什么好说的，史上最完美的电影，没有一秒尿尿时间！
0,1292052,肖申克的救赎,5,1447,对不起，我戒酒了。
0,1292052,肖申克的救赎,5,1192,hope is a good thing
0,1292052,肖申克的救赎,5,1194,越狱我感觉就是改编自这个
0,1292052,肖申克的救赎,5,795,肖申克中生存体制又如当今社会体制，“痛改前非”的人一次次被重新投入黑暗之中，当权者干着肮脏的勾当却会在公众面前宣讲“拯救之道”，似乎只有当性格没有棱角，思想失去火花，被“体制化”的人们习惯逆来顺受的时候才可以平安生存
0,1292052,肖申克的救赎,5,794,这是我每年都要回顾的一部片子，每当心情低落，人生低谷的时候，或者随便什时候打开，听着摩根弗里曼低沉的声音娓娓道来故事，就会感觉好了很多。好的电影是好的人生陪伴
0,1292052,肖申克的救赎,3,2371,"在我的心目中,它一直都是最被高估的电影。"
0,1292052,肖申克的救赎,5,1052,明修栈道，暗渡陈仓
0,1292052,肖申克的救赎,5,906,看完让人很振奋
0,1292052,肖申克的救赎,5,333,好片，但是远比这部片更好的还很多，大家整天把这部电影稀奇得不行，其实同年的电影我更喜欢阿甘。
0,1292052,肖申克的救赎,5,515,何为救赎？只有重燃人们心中的希望才能救赎。有希望才有一切可能。即使环境再恶劣，安迪都没有放弃，坚持不懈的写信为大家换来更好的图书馆，帮助有需要的人拿到高中文凭使他们可以在社会上有生存能力，就算知道会惹怒看守也想让人们都听到美妙的歌声，点燃希望之光。有一种鸟儿是永远也关不住的。
0,1292052,肖申克的救赎,5,518,若你试自由如生命，你愿意用20年等来一日的逃脱。
0,1292052,肖申克的救赎,5,244,怒赞，很难有一部电影能比《肖申克的救赎》更好的诠释梦想与救赎这两个词的关联，电影予人带来心理的洗涤震撼是如此深刻，对比安迪，我们生活中看似无以能迈不过的坎又算什么？当你若能一直心拥梦想，哪怕失败，也定能获得希望的救赎。 
0,1292052,肖申克的救赎,2,887,大众经典我从不感冒，为什么？我欣赏水平不行？
0,1292052,肖申克的救赎,5,516,太感人的电影！完整看过四遍！安迪从下水道爬出后，在水里在雨中仰天长啸时，就瞬间泪奔！
0,1292052,肖申克的救赎,5,183,发现自己最近真的是愿意回看经典 尤其是没有女主的经典 自由与希望 多么美好的词汇 可是一个迂腐的人现在才体会到 这两个词如果一年前对我提起 那么我会表示鄙夷 会觉得这两个词太虚无缥缈 假大空 而现在 如果你向我提起 那么我会说 我爱自由和希望
0,1292052,肖申克的救赎,5,452,这是一部关于自由、友情、正义的电影!“信念不灭，希望永存”。这其实是他们全体人的救赎，只是选择的方式不同而已。
0,1292052,肖申克的救赎,5,255,高中第一节心理课。“有一种鸟是关不住的，因为它们的每一片羽毛都闪耀着自由的光辉”，但后来不幸成了我的逆反宣言……哈哈哈。
0,1292052,肖申克的救赎,5,625,我最喜欢的电影
0,1292052,肖申克的救赎,4,419,通过下水道逃出去，这真的是太震撼了，不得不说男主对自由的执念克服了一切，即使待在监狱里，因为不断学习，没和外面的世界脱轨，他才能如此从容面对一切，甚至即使是在监狱这小小世界里自己也是主宰，所以说：学习很重要，学到老活到老。
0,1292052,肖申克的救赎,5,175,非常好，可惜那年有阿甘正传，但我个人认为还是这部最佳。
0,1292052,肖申克的救赎,2,871,有那么好吗？？？？？
0,1292052,肖申克的救赎,5,313,不多说了
0,1292052,肖申克的救赎,4,172,救赎什么？灵魂？自由？信念？你看看这部电影就有体会了
0,1292052,肖申克的救赎,5,130,很久之前看的了，印象深刻的是一位老人在出狱后不知道如何生活了，外面的一切都是他所不熟悉的，无法正常的工作，交流，生活。最终选择结束了自己的生命。习惯真的是一种极其强大的可怕的力量！
0,1292052,肖申克的救赎,5,109,几年前被母亲推荐看的，她很推崇，看过后感觉可以，黑暗是每个国家都存在的，总的来说希望好人一生平安！
0,1292052,肖申克的救赎,5,319,习惯了监狱生活而接受不了正常生活的人，既真实又恐怖。勇敢面对生活，逃离自己的舒适区。
0,1292052,肖申克的救赎,2,406,有点好奇这部片为何被过度赞誉到这个地步···
0,1292052,肖申克的救赎,5,108,我发现影史顶尖的作品，都反映了人的执念，一种笃定一切的意志力，这种意志不被人理解，但让人佩服，因为大多数人不敢付出这样的代价，他们不敢相信这一切的价值。自由和希望，就是每个人活着的一根弦，绷着就能生，断了就得死。所以“要么忙着去活，要么忙着去死”，在于选择。如果你愿意相信自己会是那只光彩夺目的鸟，那你就不可能被困在牢笼之中，因为安迪的牢笼是他自己打开的。
0,1292052,肖申克的救赎,5,131,#重看#@影城；超越年代的“主流心灵鸡汤”依然灌得眼泪直冒；世上本无希望，若我多行一步即是希望，在绝望黑暗处生出倔强微光，卡夫卡式的悖论；每人都背负着有形无形的肖申克，注定无法被囚禁的鸟儿一定会挣脱桎梏，天才善于做梦；类型片元素大集成，充满匠气的完美作品。
0,1292052,肖申克的救赎,5,95,2008年11月28日，第一次看肖申克。那时候观影量还不到五百吧。给五星是见识浅。现在差不多九年过去，我在豆瓣标注看过的已经超过三千，第二次看，还是给了五星。它当然不是最好的片，但是太滴水不漏了。
0,1292052,肖申克的救赎,5,157,自我救赎才是唯一的出口。感叹于知识改变命运啊。
0,1292052,肖申克的救赎,5,463,酣畅淋漓
0,1292052,肖申克的救赎,5,98,二十岁以为自己是在外边看，四十岁才明白自己是在里边看。
0,1292052,肖申克的救赎,5,111,坚持就是胜利啊 最终在墙上弄了个洞
0,1292052,肖申克的救赎,5,62,上个学期全班同学一起看的心理电影，下课了依旧不舍的坐在位置上，盯着那屏幕，看到最后，嗯，他活着出来了。信念，满满的充斥着内心，如果是我，可能早就死在那四面铜墙里了，哪还有后来呢。人生，可能就是这样，总是希望伴着绝望，那要看你是想救赎自己还是了结罢了
0,1292052,肖申克的救赎,5,130,最最最最最好看的电影。没有之一。
0,1292052,肖申克的救赎,5,139,任何时候，都不要放弃希望。
0,1292052,肖申克的救赎,5,66,电影很励志，感悟很深，最主要的是让我学会坚持，送给在生活中遇到挫折的人！
0,1292052,肖申克的救赎,5,95,人性伟大，会软弱，但更多的是坚韧
0,1292052,肖申克的救赎,5,75,经典，很久以前看的了。人活着就得有希望。
0,1292052,肖申克的救赎,5,230,任何时候都要坚持，坚持就会成功的，但现实能一直坚持的人是少的。值得一看
0,1292052,肖申克的救赎,5,183,要么忙着活 要么忙着死 人应该对现有生活保持乐观的心态 充满希望 学会享受 而不是得过且过 苟且偷生 这种人生还有什么意义呢？还不如趁早去死 活着也是浪费资源
0,1292052,肖申克的救赎,5,60,“人活着得有希望”，一点都没有错，当老布自杀的时候我在想他应该回到监狱里度过剩余的日子，可是当安迪终于出去的时候又是那么美好，人啊真的得有希望才能快乐勇敢的活下去。当我失意的时候就想起这个片子，想起他那么努力想尽办法的脱身，觉得我一定也可以冲出重围重新站起来，真的太励志了。
0,1292052,肖申克的救赎,2,178,虚假的巧合被当作精妙对比，突兀的后果往往使人惊叹而不是受启发，脱离过去过于决绝。
0,1292052,肖申克的救赎,5,114,真正的救赎从来不是词汇意义上的“彻底改造”，而是在历经劫难、遗失人生重要年华过后依然渴求灵魂与躯体的自由和无上美好的希望
0,1292052,肖申克的救赎,2,124,史上最有名的烂俗励志片，没有之一
0,1292052,肖申克的救赎,2,36,这部标记排名第一的电影被越来越体制化的大众标记为需求，但那虚构的希望恐怕是个偌大的笑话。根深蒂固的资本原则在被掌权者剥夺权利的《第七大陆》上呈现出多端的众生相，资本积累成了人们重返自由和尊严彼岸的唯一途径。因此《肖申克的救赎》最终是代表统治阶级的救赎，它与作为人的人没有任何关系。
0,1292052,肖申克的救赎,5,60,好的电影值得所有人反复观看，这就是一部。
0,1292052,肖申克的救赎,4,117,真的很金典，每个人心里都有渴望不一样的自由，却又不得不被现实生活所束缚，很矛盾的个体，希望每个人能像安迪一样找到获得真正的自由。很喜欢摩根弗里曼
0,1292052,肖申克的救赎,4,161,其实理解不了为什么这部影片会排名第一…
0,1292052,肖申克的救赎,3,128,几年后，五星改成三星。
0,1292052,肖申克的救赎,5,142,这部被称为《刺激1995》的影片在中国影迷间也有极好的口碑，可见电影超越国界的神奇之处。
0,1292052,肖申克的救赎,5,64,"对推上神坛的电影总是莫名恐惧，以致雪藏了多年才看。看完发现它之所以雄踞各类榜首，是因其他至多称作经典，而它却可称作伟大。Fear Can Hold You Prisoner, Hope Can Set You Free .Hope is a good thing."
0,1292052,肖申克的救赎,5,48,看完之后，只觉得烧脑。看第二次，我只觉得男主人太厉害了。
0,1292052,肖申克的救赎,5,50,救赎每次看都有一种新的感觉，没有什么能够形容我对他的崇拜，人生若是真的能自由自在的在日落的时候喝着沁人的冰啤，那该是多么美好啊。
0,1292052,肖申克的救赎,5,54,希望有朝一日中国也能拍出这种有深刻人生内涵的电影
0,1292052,肖申克的救赎,5,44,"一部没有女主,没有爱情的好电影！不可超越的励志佳片，真的很令人感动的美国电影！炒鸡推荐🎉五星绝对的！"
0,1292052,肖申克的救赎,5,58,懦怯囚禁人的灵魂，希望可以令你感受自由，强者自救，圣者渡人。经典
0,1292052,肖申克的救赎,4,115,天下大同。PS：停留在前去相逢的车子远去的背影最好，不必拍出重遇和相拥。
0,1292052,肖申克的救赎,5,33,精彩，永远别放弃，即使要很久以后才会成功。每天努力一点点，坚持不懈，总会有收获。
0,1292052,肖申克的救赎,5,48,总觉得美国大片更容易直面人性，直面真实的社会。
0,1292052,肖申克的救赎,5,122,最后那一瞬间啊  
0,1292052,肖申克的救赎,5,65,重看次数最多的电影
0,1292052,肖申克的救赎,5,40,真的好好看呀，对得起它那么高的评分，我要找小说来看一遍了
0,1292052,肖申克的救赎,5,94,要么忙着活，要么忙着死。
0,1292052,肖申克的救赎,5,41,很经典的电影，也很励志，人不管身处何种境地永远不要放弃希望
0,1292052,肖申克的救赎,5,45,天知道第几次重看。它最伟大可贵的地方大概一方面是多层次嵌套的丰富主题，另一方面则是一种内在的timeless品质和情感表述，因此无论观众身处哪个时代，来自何种背景，抱持怎样的心理状态，都能够有效甚至不由自主地relate其中的某个角色或某段情节。
0,1292052,肖申克的救赎,5,138,几年前看的，看完之后挺久了才回神，第一次因为看了一部电影反思自己。是我心中电影的第一名～
0,1292052,肖申克的救赎,4,111,经典老电影就是不一样，重温了无数遍呢
0,1292052,肖申克的救赎,5,36,我以为是个压抑影片，最后，我发现了希望的光。hope，谁也无法夺走，谁也无法消灭。这部影片，值得一看。
0,1292052,肖申克的救赎,5,80,"Hope is good thing, and is everything. "
0,1292052,肖申克的救赎,5,24,"It takes a strong man to save himself, and a great man to save another. "
0,1292052,肖申克的救赎,5,143,人的信念真的太强大，只要想做，而且坚持，总有一天会实现。知识的力量也是很强大的。看完这部电影，感觉自己又对美好的生活充满了向往。
0,1292052,肖申克的救赎,3,63,好看但这么高的分有点假了吧，如果和越狱比起来，还是越狱好看些！
0,1292052,肖申克的救赎,5,49,《肖申克的救赎》中安迪的扮演者蒂姆·罗宾斯说：“这部电影传达的是长久赛，而不是即时的满足。很多人感觉被困在了自己的生活中，因为一个糟糕的工作，或者相处不愉快的伴侣，或者其他随便一个什么原因。从隐喻层面上看，电影向这些人诉说了一个理念，就是对于所有人来说，总有一处理想之地在等着你，终有一刻，你会达到那里。”
0,1292052,肖申克的救赎,5,49,绝望里长出的希望能带来无限的勇气
0,1292052,肖申克的救赎,5,39,非常触动人心的经典
0,1292052,肖申克的救赎,3,25,当然是一部好电影，但他现在已经被物化成的最廉价的鸡汤。如果最顶级的电影就是这样的话，那电影这门事物真的是太让人失望了，也完全算不上艺术。不过万幸的是它不是最好的电影，它只不过是最烂大街的好电影。 幸亏有更好的电影更有理想和艺术追求的电影在捍卫的电影在艺术造诣方面的底线和天花板，才让电影没有在一片营销号的鸡汤中沦落为最廉价的网络谈资和消费品。
0,1292052,肖申克的救赎,5,49,绝望里长出的希望能带来无限的勇气
0,1292052,肖申克的救赎,5,39,非常触动人心的经典
0,1292052,肖申克的救赎,4,38,肖申克的救赎，这部电影很好看，值得推荐
0,1292052,肖申克的救赎,5,26,很久以前就想看这部剧，今天终于看了。最震撼的就是安迪越狱的那一段，无论是配乐还是色彩或是安迪的动作神态，都掌握的很好！从此以后，他再也不用承担本不是他的惩罚，他，终于自由了！
0,1292052,肖申克的救赎,4,35,好多感受不能用语言表达，世界很糟糕也很美好，坚持才有希望
0,1292052,肖申克的救赎,5,33,很难有一部电影能比《肖申克的救赎》能更好的诠释梦想与救赎这两个词的关联和真谛，电影予人带来心理的震撼与洗涤从未如此的深刻，主角安迪与男二黑人瑞德主辅相成的两条脉络营造了一个关乎追梦自由和心灵救赎最好的诠释，生活其实本就一直有着梦想，哪怕失败，只要能心拥梦想，便定能获得希望的救赎。
0,1292052,肖申克的救赎,2,36,这部标记排名第一的电影被越来越体制化的大众标记为需求，但那虚构的希望恐怕是个偌大的笑话。根深蒂固的资本原则在被掌权者剥夺权利的《第七大陆》上呈现出多端的众生相，资本积累成了人们重返自由和尊严彼岸的唯一途径。因此《肖申克的救赎》最终是代表统治阶级的救赎，它与作为人的人没有任何关系。
0,1292052,肖申克的救赎,5,32,懦怯囚禁人的灵魂  希望让人自由 强者自救  圣者渡人 
0,1292052,肖申克的救赎,5,69,你知道，有些鸟儿是注定不会被关在牢笼里的。
0,1292052,肖申克的救赎,5,75,我想打100分，最大的感受除了，知识真的可以改变命运。还有要永远热爱生活。hope is  good thing.
0,1292052,肖申克的救赎,3,25,当然是一部好电影，但他现在已经被物化成的最廉价的鸡汤。如果最顶级的电影就是这样的话，那电影这门事物真的是太让人失望了，也完全算不上艺术。不过万幸的是它不是最好的电影，它只不过是最烂大街的好电影。 幸亏有更好的电影更有理想和艺术追求的电影在捍卫的电影在艺术造诣方面的底线和天花板，才让电影没有在一片营销号的鸡汤中沦落为最廉价的网络谈资和消费品。
0,1292052,肖申克的救赎,5,27,影响自己人生观的一部电影，距离斯蒂芬·金（Stephen King）和德拉邦特（Frank Darabont）们缔造这部伟大的作品已经有十年了。我知道美好的东西想必大家都能感受，但是很抱歉，我的聒噪仍将一如既往。在我眼里，肖申克的救赎与信念、自由和友谊有关。
0,1292052,肖申克的救赎,5,27,看到豆瓣排名第一，很好奇去看了这部电影，印象最深的就是图书馆的老爷爷坐50年牢出狱后因为适应不了外面的生活选择上吊自杀，最后男主获得自由，瑞德和男主在海边相遇很暖
0,1292052,肖申克的救赎,5,16,朋友在你的生命中进进出出，好像餐厅中的侍者来来去去一样。可是每当我想起那场梦、想到那两具尸体正用力拖我下水的时候，我就觉得这样也好。有的人会沉沦，如此而已，并不公平，但世事就是这样，有的人会沉沦下去。希望还是要有的，没了希望，怎么行
0,1292052,肖申克的救赎,5,18,重温，时间只是好电影的又一个证明。二十年前的经典，二十年后还是，同样的题材，有的过去能做到，有的今天也无法领悟，这就是差距。当故事最后两个老友在蔚蓝大海边重聚拥抱的时候，希望，是最好的，美好的事永不消逝。有人问，为何肖申克的救赎备受推崇。因为这部电影并不是在讲越狱，也可以这样说，它不是为了讲越狱。人活在这个世界，或多或少都会如同片中所述，经历“体制化”，磨难，逐渐麻木，看不到希望，如老布。而这部电影最终告诉你，哪怕过去20年、30年、40年，有希望，就会有美好的事，如安迪和瑞德。观众看完这部电影，内心会跟着这部电影走过一个由绝望到希望的历程。这是一场心灵的救赎，是对观众的。这是肖申克的救赎的伟大之处。
0,1292052,肖申克的救赎,5,30,太经典了！值得反复推敲，每看一次都能得到新的体悟！
0,1292052,肖申克的救赎,5,66,一个内心坚强有信念的人
0,1292052,肖申克的救赎,5,29,印象很深的一部电影，虽然很绝望，但永远不要放弃希望。
0,1292052,肖申克的救赎,5,30,电影塑造了一个充满希望，向往自由的男主人公形象。在身边的人都变得体制化之后，只有他是怀有希望之人。小说里面出现过两个人的旁白，一个是男主的好朋友，一个是看守图书馆的人，以这种别人的视角来诉说，更给人一种悬疑感和真实感。
0,1292052,肖申克的救赎,4,30,这个电影包含了友谊，艰辛，希望和梦想。之所以它获得了成功因为它感动了你，它给了你希望给了你启示！
0,1292052,肖申克的救赎,5,32,"2002.3.3 DVD 2007.7.27 DVD home2008.8.2  CCTV6"
0,1292052,肖申克的救赎,4,56,整部电影有点像爽剧，给我的最大感受不是自由真好，而是脑子聪明真好。Andy越狱后的一切过于完美，以至于在最后一幕，当蓝得不真实的大西洋出现时，我一度怀疑这一切都是Red老头的美好幻想——其实Andy已经精神崩溃，或者越狱的时候被击毙。而他照例无法被保释，老死在监狱。人生最后的日子里，为了消磨时光，在脑海里编一些不一样的结局，弥补今生的遗憾。     然而，既然这部电影一直强调“希望是个好东西”，所以行吧，来点儿积极的：祝我们不满足于肖申克的冷啤酒、音乐和图书馆，而是走出墙外，一直往大西洋走去。祝我们有智慧和勇气踏上一条充满不确定性的自由之路。祝我这条影评别给我惹来麻烦。
0,1292052,肖申克的救赎,3,17,该影视简介由豆瓣网专职人员撰写或者由影片官方提供，版权属于豆瓣网，未经许可不得转载或使用整体或任何部分的内容。20世纪40年代末，小有成就的青年银行家安迪（蒂姆·罗宾斯 Tim Robbins 饰）因涉嫌杀害妻子及她的情人而锒铛入狱。在这座名为肖申克的监狱内，希望
0,1292052,肖申克的救赎,4,31,不管怎么说，真的很佩服男主的毅力，在那样的情况下一直没有迷失自己，追求自己向往的自由。
0,1292052,肖申克的救赎,5,37,生的酣畅淋漓。
0,1292052,肖申克的救赎,5,30,最后奔跑拥抱那里真的好感动。
0,1292052,肖申克的救赎,5,88,这部片子播后，入狱的场景衍生一系列的同人文，教皇般的典狱长，东西两派，同性狎轧成了美国监狱片少不了的场景。当然被人津津乐道的一个场面是，男主角逃脱出狱后迎着风雨呐喊自由的场景。
0,1292052,肖申克的救赎,5,67,应该再看一遍
0,1292052,肖申克的救赎,5,29,经典老片，一看再看。过几天再把书看一遍！
0,1292052,肖申克的救赎,4,35,不行了，我必须把五星改成四星！没有史蒂芬金的原著，这电影TMD啥也不是！
0,1292052,肖申克的救赎,1,31,我一直不知道该如何形容我对它的感觉，现在终于找到了一个词：最炫民族风。
0,1292052,肖申克的救赎,5,104,这部电影好到，含义深刻到我不敢妄自评价……总之，力荐!
0,1292052,肖申克的救赎,4,37,不够味道。
0,1292052,肖申克的救赎,5,19,"永远不能失去的是希望。一个交心的挚友，一个聪明优秀的人，一份经年不变的毅力，是一只羽翼丰润，带着你的心飞出牢笼寻找希望的鸟儿。Get busy living,or get busy dying."
0,1292052,肖申克的救赎,5,5,縱使《基督山伯爵》與《刺激一九九五》之間，場景與敘事手法的差異可謂不小，《刺激一九九五》卻比很多直接改編自《基督山伯爵》的影劇作品，更能體現《基督山伯爵》的精髓。全文：http://hou26.org/zeta/cristo.htm
0,1292052,肖申克的救赎,5,23,我不断的想要重复一个危机的过程，然后得到一个好的结局。我总是希望有什么事情发生，我总是希望自己被拯救，我总是希望那种排除万难的悲情和成就感。我不知道自己为什么迷恋于挫败的感觉，迷恋于痛苦的感觉，迷恋于万劫不复的结局。 
0,1292052,肖申克的救赎,5,35,隐忍布局与一触即发的翻盘，从讨酒、写信和广播几个事件中便能对男主内敛的思绪窥见一斑，全片除精彩外更多是积压一种对自由的渴望，冲破狭隘牢笼得到海阔天空，结局不甚美好。而片中上吊的老爷子，则是早已磨灭希望的消极典型，意在与男主形成对比。
0,1292052,肖申克的救赎,5,19,今天才看的，很厉害啊……这种片中国……不得不说男主很厉害啊，聪明，机智……有点心疼老布
0,1292052,肖申克的救赎,5,27,所谓造梦，大概就是这样，给人以希望与光明，令人感受到那一种震撼。
0,1292052,肖申克的救赎,5,22,看分数这么高的份上把电影看了一遍，也的确实至名归！一个鲨堡监狱里面的囚犯和官员似乎是我们这个社会的众生相。比如典狱长平时道貌岸然实则不择手段，残酷阴险贪婪…
0,1292052,肖申克的救赎,5,90,恐惧让你沦为囚犯，希望让你重获自由。——《肖申克的救赎》
0,1292052,肖申克的救赎,5,20,野心。在那样一种被打倒的人的身上，你能看到的最棒的东西，就是野心，想要好好活，让羽毛闪光的野心。
0,1292052,肖申克的救赎,[NULL],19,原來那個鏡頭是來自這部電影的。總算把imdb最高分的電影看了。但是我的評分就不方便給了。
0,1292052,肖申克的救赎,5,19,善非所善恶非所恶 这个叫肖申克的囚牢里囚禁同化扭曲 安迪说自己运气不好 阴差阳错成为替罪羊 在这所监狱经历绝望 哪怕他有错 也已赎完罪 但是后来的洗黑钱逃税钻法制的漏洞呢 他与瑞德在图书馆的那场对话 他说他会是清清白白 很压抑 本片高潮处 汤姆被枪杀安迪越狱 有的是时间缺的是希望
0,1292052,肖申克的救赎,4,20,监狱是一座有形的束缚，我们的自由更多的是被许多无形的枷锁束缚着，除了要有坚强的意志，聪慧的头脑，你还要有打破各种体制世俗的勇气。当然自由是相对的，没有人能拥有绝对的自由。像安迪一样，他是榜样。
0,1292052,肖申克的救赎,5,38,值得看2遍以上的电影 没看过一定要看
0,1292052,肖申克的救赎,4,28,看的时候生病困囿在医院里，如同监狱，这片子给了我很多阴暗的回忆。可是关于救赎关于信念，给了人启迪。
0,1292052,肖申克的救赎,4,25,男主挺帅挺聪明的，不然怎么能玩越狱。。。
0,1292052,肖申克的救赎,5,29,要么忙着生，要么忙着死。他用一把鹤嘴锄破解了这个古老命题，通往梦想之蓝。
0,1292052,肖申克的救赎,4,22,里面一句很经典的台词，生活不是为了生而活，而是为了活而生。
0,1292052,肖申克的救赎,4,32,在我心里显然不是第一
0,1292052,肖申克的救赎,5,15,I guess it comes down to a simple choice:get busy living or get busy dying. 生命可以归结为一种简单的选择：要么忙于生存，要么赶着去死
0,1292052,肖申克的救赎,4,22,你猜不到的结局…猜不到的惊异…
0,1292052,肖申克的救赎,4,13,这是一个非常感人的故事，关于希望和友谊的力量。与其他类型的电影一样，人们可以知道会发生什么，当然，但是当你看这部电影时你会一次又一次感到惊讶，甚至会落泪。
0,1292052,肖申克的救赎,5,24,我们都是病人 渴望活着 好好的活着 却惧怕生活
0,1292052,肖申克的救赎,2,31,真的不喜欢，不好看，没感觉
0,1292052,肖申克的救赎,5,29,读书时为老图书管理员惋惜：自由来得太晚，不如不来。后来觉得，朝闻道夕死可矣，不失为一种幸运。
0,1292052,肖申克的救赎,5,45,如今这肖申克囚禁着整代人。
0,1292052,肖申克的救赎,5,31,那片海蓝的太不像话了。。怎么可以那么蓝~~
0,1292052,肖申克的救赎,5,23,看了一遍原著小说，觉得这个电影还是很好看
0,1292052,肖申克的救赎,5,94,    很多人，可能都有被自己设置的牢笼所禁锢着的时候！没有光明，没有明天，没有希望！可能你会因此沉沦，但也可能会突破它，战胜它，最终赢得自我的升华！这部电影告诉我们的似乎就是如此！    每一次的观赏，每一次的感动，都能带给我满满的希望！
0,1292052,肖申克的救赎,5,26,“记住，希望是好事——甚至也许是人间至善。而美好的事永不消失。”
0,1292052,肖申克的救赎,5,21,确实经典，就是人信念的力量吧，真佩服男主的脑袋
0,1292052,肖申克的救赎,2,39,令人费解的經典
0,1292052,肖申克的救赎,4,31,经典电影 看完以后感触不是很大 额 随大流给个四星 
0,1292052,肖申克的救赎,4,21,十年过去了可算把这片儿给看了。。其实视听语言就很中规中矩，精品通俗故事，很多地方就很直给，是叙述而非呈现。而想讲述的东西也并不复杂。完全可以理解像这部、死亡诗社、放牛班春天为什么会获得那么高的大众口碑，是一种通俗而不至于庸俗的励志，是一个扎实沉稳的故事。不过摩根弗里曼演技真好。哦以及，电影情节生动体现了知识就是力量- -
0,1292052,肖申克的救赎,5,23,"""Hope is a good thing, maybe the best of things, and no good thing ever dies."" 太让人振奋了，大约7年前和哥哥一起看过一遍，但是毫无印象，这一次体会得酣畅淋漓，铭刻于心。有的鸟儿羽翼是如此光辉，他们注定不会被囚困。"
0,1292052,肖申克的救赎,5,56,“这些墙很有趣。刚入狱的时候，你痛恨周围的高墙；慢慢地，你习惯了生活在其中；最终你会发现自己不得不依靠它而生存。这就叫体制化。”这是瑞德听闻老布死后说的一句话，他和老布，都在这围墙中度过了四五十年，早已经与外界脱轨，无法生存。陌生的环境让他们不适应到想要再犯法以便可以重新回到肖申克监狱，最终绝望自尽。或许我们大多数人都会被惯性推着往前走，逐渐失去自由，不单是失去了身体的自由，连灵魂也锁在了那样大小的空间内。而忙着等死还是忙着活，这不是个简单的选择。这个选择需要更大的勇气，更多的付出。不能将心束缚，不能丢弃希望，无论身在何处，坚持最初的梦想。这可能就是这部影片久久流传的原因所在吧。
0,1292052,肖申克的救赎,5,24,不只是肖申克的救赎，也是我们内心对自己的救赎
0,1292052,肖申克的救赎,5,31,他说，不要放弃希望。
0,1292052,肖申克的救赎,5,12,第一条规矩：不准渎神，不准滥呼上帝之名！”“把信仰寄托神，把贱命交给我。印象挺深刻的
0,1292052,肖申克的救赎,5,20,哪怕看到了这样的完美结局，依然有隐隐的不安，算不算得上缺乏安全感。。。
0,1292052,肖申克的救赎,5,18,经典到不知道用什么言语来评价它
0,1292052,肖申克的救赎,1,21,好好想想是中国人拍的打几分
0,1292052,肖申克的救赎,5,8,完美诠释了大仲马洋洋万言的巨著想要告诉我们的：人生最宝贵的两样东西 等待和希望”关小黑屋很难熬吧 -有莫扎特陪着我 -他们让你把留声机带进去？-在我心里，这就是音乐的魅力 他们无法把它从你身上夺走“3分47秒的歌剧可能是影史上最令人难忘的古典音乐场景之一 费加罗婚礼Sull'aria唱的是希望和自由
0,1292052,肖申克的救赎,5,16,蛮值得一看的，电影很精彩。肖申克的救赎，救赎的是灵魂，渴望的是自由，只要有希望，就有可能。
0,1292052,肖申克的救赎,5,11,虽然看到了旧社会的黑暗，但是又有一种心潮澎湃，又有些人性的温暖。
0,1292052,肖申克的救赎,5,21,"“有些鸟儿是永远关不住的，因为它们的每一片羽翼上都沾满了自由的光辉！”  “那些高墙挺有意思，开始时候你痛恨它们，后来你就适应了。时间久了,你变得离不开它们依赖它们了。这就是体制化。” “希望是件美好的事，它也许是世间最美好的东西，而美好的事物永不消逝。”"
0,1292052,肖申克的救赎,4,16,对自由的渴望可能不会表现出来，但是逃不过自己内心深处的渴望！哎，最后才发现是被冤枉的，看的我都纠结死了！
0,1292052,肖申克的救赎,5,13,希望是什么？即便在绝望中不放弃的信念。在是非善恶之虫，人终究是渺小的，而希望，让人变得伟大。
0,1292052,肖申克的救赎,3,31,小时候看，少年看，中年看，都觉得一般。
0,1292052,肖申克的救赎,5,36,不管身在何处，要记得你仍是你，记得你的善良与锋芒，记得希望为何物，记得自由的羽翼该如何舒展，时刻准备着张开臂膀在暴雨夜的突围。
0,1292052,肖申克的救赎,3,14,还不错，但被严重高估。表达的东西比较直白粗暴。对自由的禁锢是由于他人施恶，于是这种苦难只是个体的偶然，断绝了更普适性的探讨。人物脸谱化，个人英雄主义泛滥，典型的好莱坞商业励志片
0,1292052,肖申克的救赎,3,90,很有感觉的一部片子。。人性
0,1292052,肖申克的救赎,5,12,一个天才银行家意外发现自己被戴了绿帽子，“失手”杀了自己老婆和奸夫被关进监狱（大人！其实他是冤枉的吖），然后在监狱开启大神模式——帮监狱长逃税漏税，丰富狱友的精神文化生活，跟好基友并肩斗智斗勇监狱官……以后凭借一把鹤嘴锄日夜凿壁，在一个风雨交加的夜晚成功越狱！很励志吧
0,1292052,肖申克的救赎,4,6,好久了，不想说什么。但是，一直是感动着的...以上是我加这个片子时的话，现在我要说的是，这真的是一部装饰精美的马路片。说这话一点不装，请勇敢的站出来，肖申克作为一部电影只是中规中矩的好莱坞流水线产物~~~作为励志故事和摄影，做得已经很漂亮了~~~
0,1292052,肖申克的救赎,3,29,剧本有问题。
0,1292052,肖申克的救赎,5,15,好看，我不喜欢。有点平淡
0,1292052,肖申克的救赎,4,16,经典，不管如何都不要放弃希望，即使可能会给你带来危险。
0,1292052,肖申克的救赎,[NULL],32,其实没那么好
0,1292052,肖申克的救赎,4,11,和他一起看的，很励志的一部电影，也说明了拥有一技之长是多么重要……希望是件好东西，希望我也有。
0,1292052,肖申克的救赎,5,57,一开始还疑惑这部片为什么叫肖申克的救赎，原来这是一部自我救赎的故事，要么忙着生，要么忙着死，心存希望就会有奇迹
0,1292052,肖申克的救赎,5,14,hope can set you free～
0,1292052,肖申克的救赎,5,9,一部没有女主角无关乎情爱的经典恐惧让你沦为囚犯，希望让你重获自由。共勉
0,1292052,肖申克的救赎,5,40,看它的时候，正是我在迷茫的人生阶段，以前我一直有听说过这个片子 你陆陆续续的看过几次 但是都没什么印象了 ，今天刚好有时间 沉下心来看看 ，说实话 我没怎么看懂 ，也可能是因为我这个年纪和人生阅历太浅了 ，但是看了很多 网友们的深刻解读以后 ，我大概有点感悟到了 ，所谓的救赎 ，其实就是和自己、外界和解，和监狱里的他们相比 ，我们看似都是自由的，但是为什么却从来没有感觉到幸福和爱呢？就像我现在一直活在迷茫和焦虑中， 但明明我是自由的呀，我也没有被什么围墙而限制起来 ，可我为什么总觉得活的那么痛苦 那么黑暗 那么没有希望 呢？ Andy说 希望是件美好的事 ，Red说 希望是件危险的事 ，其实我个人活的很像red ，我也怕犯错 我也被自己内心的条条框框束缚起来了，我也想去找寻自己内心的自由 。
0,1292052,肖申克的救赎,5,12,永远冷静，永不绝望才是救赎的最佳途径！
0,1292052,肖申克的救赎,2,11,"A cheap and reactionary film. There is no ""redemption"" here, but ""hope"" (the hope of what?). What happens the next day, when parole officers catch up with Red? What happens to bringing the real culprit of Andy's wife behind the bar? Where is the PTSD of an ""institutional man?"" There is no deep critique of prison economy here, nor that of America's CJS (all we have is a few corrupt officials outsmarted by a banker who of course ran away w all the money and is praised for it, sounds familiar?). The completely implausible ""figaro"" sequence cheapens the real struggle for freedom. All of this is the stuff of cheap Hollywood."
0,1292052,肖申克的救赎,5,20,监狱里的高墙实在是很有趣。刚入狱的时候，你痛恨周围的高墙；慢慢地，你习惯了生活在其中；最终你会发现自己不得不依靠它而生存。这就是体制化。记住，希望是好事——甚至也许是人间至善。而美好的事永不消失。肖申克的救赎到底是什么？
0,1292052,肖申克的救赎,5,11,恐惧让你沦为囚犯，希望让你重获自由。——《肖申克的救赎》 .
0,1292052,肖申克的救赎,5,11,如果不是与阿甘正传一年，绝对的奥斯卡最佳影片。这部电影是一部传奇，IMDb 豆瓣 时光和我们心中永恒的经典！体制化害死人啊
0,1292052,肖申克的救赎,5,7,赏析课看的电影，很经典，很有深度，这样的电影才称得上佳作
0,1292052,肖申克的救赎,5,16,不容错过的经典电影。
0,1292052,肖申克的救赎,5,13,人是感性的，面对残酷的环境，人本能的反应便是奋力抗争，而当这个环境恶劣到一定的程度时，人的抗争之心就会慢慢被消磨殆尽，成为行尸走肉。但是只要还有希望都要抗争到底不是吗？
0,1292052,肖申克的救赎,2,13,可能是因为我已经知道片子是怎么回事了，所以觉得有点不够震撼。也可能是因为以前看过越狱了，所以也没新鲜感了。总之，没觉得太好，头重脚轻的
0,1292052,肖申克的救赎,4,18,从下水道逃生，看到这里我已经被震撼了。人的求生意志和对自由的向往有多强，这部电影给你答案
0,1292052,肖申克的救赎,4,25,片子不错，但始终get不到网上把这部片子捧到神坛的点在哪
0,1292052,肖申克的救赎,5,13,很棒的一部电影，一部完全不需要女主女配的电影。有时候想想，我们国产片为什么走不出国门，我觉得广电也有一定责任，这不许拍那不许拍，就比如这类型的电影，很喜欢这类型的越狱题材，还有美剧的越狱，我看的第一部美剧，真的好好看。我们国家的电影或电视剧，基本没有关于这种类型的题材。万恶的广电
0,1292052,肖申克的救赎,5,14,Hope is everything.
0,1292052,肖申克的救赎,5,22,每当我之前的最失意时刻，都有这部片子相伴。竟然没有点看过，大概是一个玩笑。清楚记得安迪和大家在楼顶喝啤酒露出的微笑，那是一个标志性的转折。而后的隐忍，每次回忆起，我都格外感动。或许导演都没想到，他的这部作品能在中国最权威的电影网站里雄居榜首好多年。
0,1292052,肖申克的救赎,5,10,也许，这个电影能拍第一名是因为在不同的年龄段看就会有不同的感受。说实话，我现在只看懂了剧情，希望在30年后我再看会明白人生的意义。
0,1292052,肖申克的救赎,5,16,http://www.bighead.cn/?p=34
0,1292052,肖申克的救赎,5,13,“希望”是一种真正让人觉之自由的东西。受益终生的神作。9.6
0,1292052,肖申克的救赎,5,7,我看完它沒有身邊所有人說的那樣激烈的情緒出現，感動也好，激奮也好，又或者是觸動了什麼哭出來，我都沒有。我只是覺得，他做的一切真的是再正常再平常不過的事情。身處其中，我不會有別的選擇要去做，除了選擇自由和信仰我沒有別的答案。走，這是我唯一該做的。
0,1292052,肖申克的救赎,5,14,看过太多遍了，对人性的许多方面都有独到的阐述和理解，每看一次都有不同体会
0,1292052,肖申克的救赎,4,19,也许是类似的故事看得太多了，以致我无法给出五星
0,1292052,肖申克的救赎,5,5,影片的主人公用了二十年的时间，救赎自己的罪，最后获得重生的时候，我们真诚的欣慰是源于他不靠戏剧性的转折，只靠执着与坚持。人们总是喜欢看越狱题材的电影，我想不只因为剧情刺激，更多的是，我们时刻都憧憬着冲破身体上的枷锁和精神上的牢狱，这是我们精神补偿的表现。
0,1292052,肖申克的救赎,5,18,看哭，经典中的经典
0,1292052,肖申克的救赎,5,12,很喜欢里面的一句话，希望是好事，也许是人间至善，而美好的事永不消逝。很经典的片子
0,1292052,肖申克的救赎,5,11,就算这个监狱再牢固，围墙再多，下水道再长，也永远困不住他，是永远。
0,1292052,肖申克的救赎,5,9,不得不说很能触碰到人心，细腻的打动你
0,1292052,肖申克的救赎,4,9,没有特效  没有打斗 大部分都是监狱里的人们交谈的场景   这是一部能够触摸到灵魂的电影。
0,1292052,肖申克的救赎,5,10,我有二十年时间都不想看这片，因为人所称赞的美德一般都挺让我犯恶心的。本来只想清理一下硬盘，看了二十分钟开始觉得不妙，这片子完成度太高太精致了。从演员到布景到化妆，构成和节奏和运镜。所以虽然搞出一个我想糊导演一脸的童话结局，我还是没法给它减星。
0,1292052,肖申克的救赎,5,10,自由不在外面，而在于内心，唯有自我救赎才是出口
0,1292052,肖申克的救赎,5,14,有的人的羽翼是如此光辉，即使世界上最黑暗的牢狱，也无法长久地将他围困！所以，要么忙着生存，要么赶着去死！ 人总是要做点什么的……
0,1292052,肖申克的救赎,5,14,看到有恶意打一星的才想起来我还没打分呢！前两天我表哥装文艺说跟我推荐个电影，我问他什么电影，他说《肖申克的救赎》，神经病！《肖申克的救赎》还要你推荐啊！
0,1292052,肖申克的救赎,4,52,Freedom
0,1292052,肖申克的救赎,5,18,值得看几遍
0,1292052,肖申克的救赎,5,24,每一个你想离开却离不开的地方 都是监狱 希望我们不要麻木，不要麻木，不要麻木 OK？
0,1292052,肖申克的救赎,4,8,扣的一星是因为影片有一点点毒鸡汤的感觉 原因是这部剧自由的原因是因为男主足够坚持 而不是直接自由的 我们在追自由的同时需要坚持 但是谁又能做到这么坚持呢 再加上这部电影口碑跟高 但是又没有满足我的预期 4分🧐
0,1292052,肖申克的救赎,4,10,去掉部分煽情旁白我就可以再加一颗星。
0,1292052,肖申克的救赎,5,8,被禁锢过的生命在解除禁锢之后所以会产生差别，全在于被禁锢之时心里还有无自由二字..
0,1292052,肖申克的救赎,5,12,真的是非常棒的电影。主人公用智慧为自己赢得了自由。他善良，聪明，有毅力。正是这些让他逃过了命运的不公。
0,1292052,肖申克的救赎,5,10,Hope is a good thing
0,1292052,肖申克的救赎,5,2,"死而無憾了!! 最高興是安迪說出我想說的,  我們的腦子是點唱機, 可以自播長播--音樂的!!!  不用靠手機或其他來播放的!!   因看到大銀幕, 才看到全片--才知道我錯得離譜, 蕭申克是監獄名!!我一直以為是主角的姓,  另發現男主實際是自由人先生, 也發現他很象暴走列車,  人家是先拍的.  京先生原著何時寫的....那這蕭申克外景在哪找的....另也很致敬大仲馬先生,  不惜用來開玩笑,  直接把基度山也說出來,  陷害主角的人也是三位,  不放走安迪的感覺也跟愛德蒙原因差不多,  也是老囚犯幫他....連最重要的字也說來--希望---正正是基度山的結局的那一個字--""世上最重要是 2個字--等待與希望"".......連男主逃離的感覺也很基度山.....之前看得最多次的是結局,   全是電視............"
0,1292052,肖申克的救赎,5,30,"还是落泪了。几乎挑不出什么问题的完美。没有对妻子和情夫下手，却背了黑锅进监狱、被三姐妹侵犯依旧誓死反抗、外务工作换来一些啤酒……怎么说呢，安迪好强大啊，所有的客观环境都会随着他的存在变好，误入泥沼也不摆烂，能改变多少改变多少的想法，然后监狱里有了图书馆，大家开始自发成人高考。汤米被监狱长射杀是我真的没有想到。希望。全篇重点。看老布出狱之后，无法适应社会选择自杀。瑞德差点就要赴他老路，好在没有，好在安迪事事想的周到。最后结局一个俯瞰的大全境，人小的几乎看不到，但是我听到他们拥抱在一起的声音，比浪花还要呼啸。"
0,1292052,肖申克的救赎,5,9,真的，我的每一任英语老师都让我们看过😔
0,1292052,肖申克的救赎,5,18,看完特别震撼
0,1292052,肖申克的救赎,5,14,除了经典，我还能说什么？！
0,1292052,肖申克的救赎,5,9,经典的电影总是经得起时间的推敲，主人公终于用他的智慧和坚持赢得了自由和希望，再看还是很感动
0,1292052,肖申克的救赎,2,20,试着看过两遍还是没法喜欢，普通励志片，过誉了。
0,1292052,肖申克的救赎,5,33,有的鸟儿注定是困不住的。
0,1292052,肖申克的救赎,5,10,9.9分，有的人只能从电影里看到越狱，估计他们就是那些看到半瓶水，只会哀叹只剩下半瓶水的人了吧。况且，安迪是被冤枉的，他越狱有什么不对？电影传播的主题是希望，对生活充满希望，我以前总是害怕失败而对任何事情都不抱希望，总是得过且过地混着日子，到头来一事无成。看了这部电影后，我想，我应该做出改变。
0,1292052,肖申克的救赎,5,32,对抗虚无主义的一剂良药！
0,1292052,肖申克的救赎,3,12,可能是大多数人公认的好电影，甚至是NO.1，然而就是打动不了我，比遵循公众的看法更重要的是跟随自己的内心。
0,1292052,肖申克的救赎,4,9,监狱是一个设会的缩影，蒙冤的安迪没有放弃，赢得了尊重，地位，友谊。最后的自由
0,1292052,肖申克的救赎,5,11,Hope is a good thing.Good things never die.
0,1292052,肖申克的救赎,5,8,看了很多遍每次都有不同的体会，好作品就是有这样的魅力
0,1292052,肖申克的救赎,1,23,嗯，打一颗星不代表在我眼里它很差，只是9.7分太夸张了，需要低分中和一下。当然，在一百九十多万的评分下，我的一颗星不值一提。但它代表了我个人的态度。
0,1292052,肖申克的救赎,5,3,此片无关爱情，除了背叛。有的只是监狱中的男人间的友谊。Red 和 Andy的那种友谊置放在高墙之下，似乎比我们纷繁俗世中的友情来得更加纯粹和干净。他们都是内敛的人，然而洞悉一切，心意契合。我喜欢这种感情。所以在他们终于相会在太平洋小岛的阳光沙滩之上的时候，忍不住一人笑了。
0,1292052,肖申克的救赎,5,16,让我难过的事，有一天，真的能笑着说出来吗？
0,1292052,肖申克的救赎,5,25,雄霸豆瓣第一名，总归是一种了不起...
0,1292052,肖申克的救赎,1,9,美化华尔街投行人员的电影。事实上这群人才没有这么好，通常情况下都是在千方百计掩盖自己的犯罪行为。大部分美国电影都是中情局控制下的好莱坞生产的精神鸦片。详情见这本书《好莱坞内部的中情局》http://book.douban.com/subject/26370014
0,1292052,肖申克的救赎,3,9,Frank Darabont非常喜欢模糊一部电影的中心，或说给予人们一个不落俗套的结局，但这种思想并不是“励志”，安迪的自由又何尝不是导演扭曲的“希望”，这样逃避而不负责任的“自由”是否积极是否值得鼓励？——不要披着“励志”的皮卖“人生”的肉。
0,1292052,肖申克的救赎,5,8,最先还是为了练习英语看的，除了感动没啥大感触，这部剧值得一刷再刷，最近又给我了新的力量，再次带希望上路。
0,1292052,肖申克的救赎,5,2,看完这部电影以后对于我而言很难释怀。在剧情方面，前面的铺垫造成了后面的大爆发，在公布前面铺垫的真相以后真的很拉动我的情绪，伏笔埋得特别好安迪的智慧和毅力令我很震惊。从内涵上来看，也可以想想肖申克监狱最后到底救赎了什么，该片可以说是金钱罪恶希望的一次大碰撞。艾利斯与其说是其中的一个男二，我更想把他看成故事的一个旁观者与讲述者，见证了几十年间的变化。另外《圣经》在不同阶段剧情也给了观众不同的答案。还有一个地方很打动我的就是老布保释成功出狱，五十年过去了，几乎所有的东西都已经时过境迁，而最终他适应不了这个社会也只能走向灭亡。所以说一进监狱，不说一辈子，大半辈子也就毁了。这部片子的分数，实至名归。
0,1292052,肖申克的救赎,5,8,高中时收藏的DVD之一，相当深刻的影片，老摩的表演也十分精彩。
0,1292052,肖申克的救赎,5,11,很经典的一部电影，看过挺多遍，每次看都能感受到不一样的东西，值得一看
0,1292052,肖申克的救赎,5,8,电影的最后，当两个在囹圄之中呆了几十年的人拥抱到了一起，当他们还需要去思考“自由”的时候，这个时间点不知道我们是该为他们庆幸还是悲哀……很棒，每当迷茫的时候，翻出这个电影看一看，有好处，经典
0,1292052,肖申克的救赎,5,8,这部电影确实很有深度，另摩根弗里曼的表演已经像平常人吃饭那么日常了
0,1292052,肖申克的救赎,3,4,【6.6】1. 以为是犯罪片，然后发现是励志片 2. 90年的基调，美国的价值观展露无疑，输给《阿甘正传》不意外 3. 经典的好莱坞剧本，有些地方刻意过度无新意 4. 做领导最根本的原因还是内在能力，而不是雄辩。 5. 多看书是好事，亘古不变的万年道理。 6. 论斯德哥尔摩综合症与自由的矛盾是全片最核心的地方，每处地方都有微弱的线索。 7. 人们渴望自由，这是写给观影人有关自由的一封情书。 8. 从励志片的角度有点平庸，从商业片的角度更加平庸。 9. 但是放在20世纪90年代末，这的确是紧跟时代潮流的一部好片。
0,1292052,肖申克的救赎,5,6,一个关乎友情和信念的故事。不消多说什么，看看他的故事，你那些挫折又算什么呢?“Get busy living or get busy dying”
0,1292052,肖申克的救赎,5,7,这部剧真的是经典中的经典，无论从故事构架剧情还有演员演绎上都是完美作品，发人深思
0,1292052,肖申克的救赎,5,6,看过3遍，每次看都有不同的感受，最大的体会大概是人要永远充满希望吧
0,1292052,肖申克的救赎,5,6,非常好看，经典。有的人的羽翼是如此光辉，即使世界上最黑暗的牢狱，也无法长久地将他围困！
0,1292052,肖申克的救赎,5,4,在網上認識的很多喜歡文藝片的朋友都很排斥這部片子，然而卻是我看的次數比較多的一部，並且每次看都不會掃興，對我來說，他是我的啓蒙電影，正是從肖申克開始，我喜歡上了電影，還記得第一看後的激動，給姐姐打電話，絮絮叨叨地講著這麼一個關於囚禁與理想和自由的故事，那時的自己一臉天真。
0,1292052,肖申克的救赎,5,6,Brook上吊那段和监狱里放音乐那段真的是震撼到我了，看似是反映囚犯监狱生活的片子最后反而变成了一部越狱的斗智片，也不能算非常励志但也多多少少能给人点启发，
0,1292052,肖申克的救赎,5,5,我记得那是高中网球课下课后的美术课，我疲惫到无法动弹的身体看得汗毛竖立。
0,1292052,肖申克的救赎,2,18,明明是勇敢的心式的狗血剧。
0,1292052,肖申克的救赎,3,15,回顾此片，觉得颇为避重就轻，“生活把你逼到墙角时你能做什么”的答案真的是把墙凿穿吗，面对房间里的大象真的应该抖个“但房间也有门实在不行还有窗”的机灵吗。此一。那么多被生活毒打的人又有哪个是安迪呢，享有天赋、朋友、运气，监狱里那么多犯人被体制化而不还手甚至不自知真的是他们自己的错吗。很多时候教育和启蒙是一种特权，拥有的人应该谦卑，没有的人不应该成为靶子。拿现实生活中的你我对照看看就知道了，我们是安迪吗，显然不是。此二。生活是一坨屎，靠着别人没有的资本爬出这坨屎是生活这个问题的答案吗，或者说爬出这坨屎本身是吗？此三。
0,1292052,肖申克的救赎,5,3,"不愧为经典，一颗至善、自由的心，万世糜烂也澄明无瑕。Hope is a good thing, maybe the best of things, and no good thing ever dies. 无论是安迪神秘的笑容，还是最后一幕的碧海蓝天，都平静令人屏息，难于忘怀"
0,1292052,肖申克的救赎,4,5,为了自由，人真的是有非常大的毅力，前面看的有趣，后半段越来越压抑，尤其是那个小卷毛说好了作证，却被长官枪杀，很难受，男主从下水道钻出来的时候算是全片的高潮了吧，看完只想说一句话“知识就是力量”。
0,1292052,肖申克的救赎,5,3,"some birds aren't meant to be caged, that's all. their feathers are just too brightget busy living,or get busy dying..."
0,1292052,肖申克的救赎,5,6,逆境中的挣扎 在绝望中生出一朵花
0,1292052,肖申克的救赎,5,6,希望不需要热情，热情的希望只是灵魂深处一次不经意的冲动。
0,1292052,肖申克的救赎,4,6,很经典的一部电影，也很励志，值得推荐。
0,1292052,肖申克的救赎,4,7,聪明人的反击，报复的畅快感，美国不是天堂，但美国人却很NB。
0,1292052,肖申克的救赎,5,4,自由和信念，还有希望！即使在一个人类最专制，最没有自由的监狱里，他依然没有放弃希望，即使面对死亡的威胁，他也不放弃自己做为一个在的原则！他理当得到一切——自由，财富，还有好朋友！
0,1292052,肖申克的救赎,5,15,经典就是经典，虽然我看得这么晚，但真庆幸我有看！
0,1292052,肖申克的救赎,5,9,没有女主，无需爱情，同样精彩。其中悬疑成分很惊喜。影片表达出来的对自由，对希望，对梦想的追求令人感动
0,1292052,肖申克的救赎,2,12,精英奋斗史，还不如基督山伯爵。
0,1292052,肖申克的救赎,5,8,在班里看的  爬出来的时候全班欢呼  
0,1292052,肖申克的救赎,5,7,经典果然是可以反复品味的。看第二遍仍然很震撼
0,1292052,肖申克的救赎,5,9,经典！值得多次看的好电影！
0,1292052,肖申克的救赎,5,4,影城巨幕看完，像是终于可以对电影说“爱过”了。一直想本片何以始终高居IMDB250榜首，也许从安迪公园散步般的步调，整体分寸的把握，摄影剪辑音乐等等几乎每一个重要的组成环节都无不透着醇笃从容自带贵气的节奏感，绝无急吼吼的喧嚷叫嚣或企图证明什么，也许这就是它成功的重要方面吧
0,1292052,肖申克的救赎,5,6,前半段出现的监狱片惯有的爆菊桥段不够劲爆让我略失望，但是到后面，我竟然看湿了眼眶。
0,1292052,肖申克的救赎,4,5,其实我看不出这部电影精彩在哪里，但看过就是让人回味悠久。
0,1292052,肖申克的救赎,5,5,2日前又看过的不知第几遍。依旧激动和感动。知了结尾再看过程，会发现男主角演的真不错，高贵的人性，沉默坚韧的性格，强大自由的内心。。。真爱啊。。。在任何环境，他都像闲庭信步在自家的庭院。。。还有什么能关住他，监狱也不过是他人生的一个驿站而已。自由，希望，珍贵无比。
0,1292052,肖申克的救赎,4,9,经典台词“有的人的羽翼是如此光辉，即使世界上最黑暗的牢狱，也无法长久地将他围困！”
0,1292052,肖申克的救赎,5,98,Hope is a good thing
0,1292052,肖申克的救赎,5,15,作为一个从特殊体制内出逃的人，当时离开时发了一个朋友圈用的就是这张海报，直到现在依然不会后悔，just like Andy.
0,1292052,肖申克的救赎,4,8,既有对美国司法制度、监狱制度的深度批判，又有对人的坚定信念的无尽赞美，同时也对友情和生命的好处做了深入和形象的阐释和探讨，是一幅有着现实主义的外衣却隐藏着极度浪漫的内核的潇洒飘逸的生命画卷，值得我们珍藏和揣摩一生。
0,1292052,肖申克的救赎,5,4,94年的片子。不管是演员，剧情的发展，后期剪辑，都很流畅啊。看得我再次冒出不要完啊不要完啊的心声。希望是件好事，好事永远不会死亡。我们都以为一切就如此了，却不知道，我们都还可以试着飞翔。
0,1292052,肖申克的救赎,5,6,"some birds aren′t meant to be caged, that′s all. Their feathers are just too bright... Hope is a good thing, maybe the best of things, and no good thing ever dies."
0,1292052,肖申克的救赎,4,5,8.5分，这部95年的时候名气远没有阿甘大，那年看过的电影最喜欢的是这部和《非常嫌疑犯》，现在竟然都进250了，这部貌似还是魁首。看来小众和流行在岁月变迁后也就是一步之遥。个人不认可这部是最好的电影，可以进入经典的范畴，殿堂级还有些距离。大热之后，口碑掺水可以理解，可说不好会挨骂挺奇怪。
0,1292052,肖申克的救赎,3,13,每个人都渴望有自由
0,1292052,肖申克的救赎,4,8,虽然已经看过很多年了， 但是这个影片在心中一直都是一个永恒的存在。没有卿卿我我的爱情，没有兄弟情深，就是一个绅士般的男主一步一步探索真相的历程。其实我最喜欢的是MOGEN FREEMAN，虽然在很多片子里不是主角，但是本身的魅力让人无法忽视。
0,1292052,肖申克的救赎,5,5,人在令人绝望的处境里如何才能守住自己不堕落不迷失，如何能够在逆境里坚定的寻求希望，如何在那么多的打击下不放弃……这部电影一部能够永垂史册的电影，无论隔了多少岁月都可以给人以力量
0,1292052,肖申克的救赎,4,25,骗傻子的励志片
0,1292052,肖申克的救赎,5,1,多年占据top1，果然不无道理。安迪身陷囹圄，漫漫体制十九年，他却能坚持读书，自由之心不为高墙堵断，时刻拥有希望并为之不懈奋斗，这样的人或品质太太珍贵了，提醒自己也要多加勉力。
0,1292052,肖申克的救赎,5,5,87/100 人生就是拥有希望和目标然后去经营，不要老了才去后悔那些没有做的事。
0,1292052,肖申克的救赎,5,3,此片真的非常赞，讲述了一个银行家无辜入狱后扔不放弃人生，在关押的19年中，他在狱中建了图书馆并帮助狱友考取了高中文凭，并最终依靠自己的聪明才智成功逃脱出狱，并把邪恶的狱长和狱警拉下水，用为狱长洗来的钱享受着自己的下半生。Ps.《越狱》从这取材不少吧...
0,1292052,肖申克的救赎,1,30,老套的故事，毫无新意的结尾。肖申克的救赎除了忍辱偷生为了逃跑之外，并没有洗清自己的冤屈，说它是励志片，就有点过了。如果说是对自由的向往，任何一个在牢里被关10年以上的还没麻木的都很渴望自由。
0,1292052,肖申克的救赎,5,5,這是IMDB上評價最高、參與評分網友最多的電影，也是我所看過最好看的電影，此片值得一看再看仔細品味
0,1292052,肖申克的救赎,4,9,恐惧让你沦为囚犯，希望让你重获自由
0,1292052,肖申克的救赎,5,28,是我心中永远的经典，看着安迪获得自由的那一刻太震撼了，那个雨夜永远难忘。
0,1292052,肖申克的救赎,5,6,希望永远是关不住的
0,1292052,肖申克的救赎,3,19,……
0,1292052,肖申克的救赎,5,21,"I guess it comes to a simple choice, get busy living, or get busy dying. "
0,1292052,肖申克的救赎,1,16,电影很好，要客观评价我会给7.5-8分，但是实在理解不了美国人用开跑车海滩游泳重获自由后聚首来诠释救赎，但这和心灵的自由相去甚远，就这个结局不值得被这么捧。我是来拉低平均分的。
0,1292052,肖申克的救赎,3,5,人们说，影片充满希望，所以富有力量；人们说，影片象征光明，所以蕴含价值；人们说，影片代表自由、信念、人性……不一而足，所以，成为经典。我的人生还算一帆风顺，也自觉心态平和自得其乐，所以本就阳光的我并不感动于大家的共识╮(╯▽╰)╭唯有求同存异= =
0,1292052,肖申克的救赎,5,4,生命在于不灭的希望和信念，经典的电影之所以经典，因为他们都在做同一件事——让你从不同的角度来欣赏希望的美好。
0,1292052,肖申克的救赎,4,7,经典的影片，比较感动。看到了希望和美好。很励志，正能量。
0,1292052,肖申克的救赎,4,7,《肖申克的救赎》，这部影片是无数人爱上电影的起由。每一个镜头，每一句对白，每一条韵律，在我看来都是那么完美无缺。
0,1292052,肖申克的救赎,5,6,是执着，是信念，雷雨交加的晚上是自由的呼唤
0,1292052,肖申克的救赎,4,3,话说高一看的，被监狱里三个gay骚扰安迪的场面震撼住，除此之外，人性
0,1292052,肖申克的救赎,4,2,同样讲的也是自由，但是它放在真实的牢房中隐喻体制，简单明了。肖中说飞鸟聪明所以难囚，而阿甘中追逐羽毛的聪明人才是真的不自由。对比两部电影，一个是看得见的牢房，一个是看不见的，其实阿甘讲的更复杂，只是很多人看不到，以为讲故事的是个傻子。
0,1292052,肖申克的救赎,4,3,承载了太多属于影视本身以外的东西，不论是imdb的鹬蚌相争登顶头名，还是因为时代元素而历久弥新从出租市场确定地位（虽然有奥斯卡加持 票房只有不到3k万），它都值得在影史大写特写。但抱歉，作为观众，作为非该时代的非美国观众，个人实在无法打到五星。le trou是最好的越狱题材电影！
0,1292052,肖申克的救赎,4,7,“希望是好事——甚至也许是人间至善。”还有信念、自由
0,1292052,肖申克的救赎,4,9,每个人都有一部不得不看的电影。
0,1292052,肖申克的救赎,5,4,和哥哥一起看的，真的全程聚精会神地在看，好想再和小锅看一次电影
0,1292052,肖申克的救赎,5,3,很多人推荐它的理由只是越狱影视题材始祖和励志片，这真的小看了这部社会学神片！总体性机构的日常运作、心灵的制度化、科层制下case by case review其实是靠随机性来淘汰人等社会学问题，包括identity theft等非社会学的美国社会问题一应俱全。
0,1292052,肖申克的救赎,[NULL],1,"never thought out Shawshank can run out of the jail. At the end of the movie, the escape make me scared about the patience, the plan, the power realization of the dream. Nice for Shawshank, and it's nice for everyone"
0,1292052,肖申克的救赎,4,3,豆瓣Top1慕名而来，看到前面不太感兴趣后半渐入佳境，结局的反转有惊喜，有点受鼓舞，这个故事告诉我人要对未来抱有希望，有勇有谋卧薪尝胆为了目标永不放弃铁棒磨成针梦想或许就会成真。背锅入狱的Andy一直被欺负受尽折磨失去希望，直到他的才能被发现帮官员逃税洗钱得以被利用开始有转折。写6年信终获得想要的书籍预算，反抗命令给监狱播放音乐。给监狱成立开放图书馆，教书给大家考文凭。得知自己被陷害谋杀的真相后想澄清却又被惩罚，小伙被枪杀时太讨厌了。在监狱50年的布鲁斯出狱后无法接受外面的社会却选择了上吊自杀。用十九年时间用小铁锤挖出隐藏在海报下的逃生洞，近20年为自己的越狱准备好了一切，设定好虚拟的社会人身份，准备金钱及跑路路线万无一失。四十年后Red出狱怕是要重演老布的道路时，朋友伸出援手重逢于美丽海边
0,1292052,肖申克的救赎,5,4,经典，看过好几遍，每次都能给我鼓励
0,1292052,肖申克的救赎,5,5,看过两遍了。一条漫长的自由之路、一次灵魂深处的洗涤、一部不朽的励志经典，“希望”遵循神的旨意安睡在内页被挖空的《圣经》里，附着在安迪高大的身躯里，匍匐在500码的下水道里，最后，那条仅有的肮脏之路把安迪送往美丽的新世界。
0,1292052,肖申克的救赎,5,14,无论何种机遇，都不要放弃。请你务必，一而再再而三，三而不竭，千次万次毫不犹豫的救自己于这世间水火
0,1292052,肖申克的救赎,4,7,下到一个蓝光珍藏版，终于和家属完完整整看了一遍，三个小时的片。其实美国电影在价值观上并不难理解，也没有什么复杂暧昧的东西，甚至情节一旦发展到需要一点复杂的地方时，就用梦幻去填充。所以美国主流电影最执着去呈现的，其实是一种有点梦幻的东西，用电影中的词来说，就是hope。但是，你也实在不能说这是一种浅薄。就像瑞德，他其实已经意识到出狱后的生活和牢狱生活在本质上是一样的，不过是从一个围城走向另一个围城，从一种桎梏落入另一种桎梏，所以他去寻找hope，hope是什么？其实就是自主权，安迪一直都没有丧失的是什么？也是自主权。他凿那个洞真的是一直计划着要逃亡吗？我看不见得，他不过是想通过这种方式拥有自主权，自主权就是hope，也就是那一点点梦幻的可能。
0,1292052,肖申克的救赎,5,4,"看到一个在监狱里呆了近一辈子的老人在出狱后却在起室里上吊自杀的情景时，毫不夸张的说，眼泪就这么掉下来了。直到流到嘴里才发现。嗯，不知道为什么会哭，或许只是觉得悲哀，其实人是很容易习惯，也很容易被制度化的。"
0,1292052,肖申克的救赎,4,5,关于希望让人自由的最好的注释，有希望才会有未来，没有希望一切都是空谈
0,1292052,肖申克的救赎,5,1,我终于明白为什么此片口碑如此好了。出色的剧本，巧妙的手法，杰出的表演。黑暗的司法体系差点毁了他的一生。可再高的城墙和牢笼也锁不住一颗充满希望的心，一个满心寻求自由的人。此刻我才发现《费加罗的婚礼》是天籁。被Morgan Freeman和Tim Robbins的演技折服了。
0,1292052,肖申克的救赎,5,7,是的，22年过去，它仍然几乎保持着各种电影榜单的TOP1。而十数年来我始终在「BROOKS WAS HERE」那段被触动到盈泪。巨幕厅杜比克环绕音响下摩根弗里曼的旁白和台词太过让人享受。它永远在我看完提升愉悦度榜单名列前茅！
0,1292052,肖申克的救赎,4,6,不错的电影，一部让人明白，在面对不公和挫折时，只有靠自己的智慧才能真正的救赎自己。
0,1292052,肖申克的救赎,4,21,我知道向往自由是人的本性，在艰苦的环境之中怎样与自己抗争不人云亦云是多么可贵。
0,1292052,肖申克的救赎,4,4,很经典的电影，对于自由的憧憬，执着的希望
0,1292052,肖申克的救赎,5,3,到现在才看这部片子，真是好看没的说。果然，经典的东西不管放到什么时候去看都不会褪色。
0,1292052,肖申克的救赎,4,5,时隔20年，情节已记不完整了，于是为明天早上的电影课而熬夜重看。多么流畅的好莱坞商业片，叙事完整、节奏明快，Red的画外音及旁观讲述者视角更为本片增添了传奇色彩：故事一定要由目击者讲出来才是真正意义上的传奇。十几年的狱中努力，救赎了对自由的渴望，以及对希望的信念。当主人公终于站在了碧海蓝天下，那也是观众体验到自由和希望的时刻。
0,1292052,肖申克的救赎,4,6,非常非常棒，但没有棒到第一的地步。
0,1292052,肖申克的救赎,5,8,经典。
0,1292052,肖申克的救赎,4,6,很精彩也很传奇。
0,1292052,肖申克的救赎,4,10,太经典的电影，多年之前的记忆，执着、希冀和不懈的追逐，心灵的救赎和灵魂的洗礼。
0,1292052,肖申克的救赎,4,5,影响很深刻，很小的时候看的片子，但是我有点忘记了 他为什么越狱了就救赎了自己？
0,1292052,肖申克的救赎,4,9,有了目标才有动力啊
0,1292052,肖申克的救赎,5,5,影片是关于希望与信念的最好诠释，塑造了一个运用机智才华和精神意志抗争罪恶体制的伟大形象，肖申克如同一个社会缩影，主人公安迪在这个五脏俱全的生态系统中白手起家浴血重生。它之所以如此感动世人，是因为每个人或多或少都身处围墙之中，却未放弃有朝一日展翅飞翔的努力，而安迪这只羽翼光辉的鸟就给予了极大的慰藉。制度化对人性的禁锢是影片的另外一个重要主旨，老布的结局让人扼腕叹息。影片是原著文学改编电影的杰出典范，同样采用旁白视角串联故事构建人物，最大限度地保持主人公的神秘感，同时丰富了剧情内容，缩短了逃狱时间轴，将同类型人物集中化，让矛盾冲突更尖锐，最后的复仇也酣畅淋漓，“得救之道就在其中”。
0,1292052,肖申克的救赎,4,1,看完有两天了，但是……但是看完后的失望此刻还是没有忘记。改编得很好，但我更喜欢原著中那个提前搬走古董书画的安迪，那个没想到飓风会吹这么久，但仍旧提前做足了准备，费力爬过狭小肮脏让人呕吐的地道，然后像一缕烟消失的安迪，那个披着自由的隐形衣飞出了肖申克的安迪。原著给我的震动太大了，反而对电影感觉到失望。我想我会把小说重新看好多遍，而不是把电影重刷好多遍。
0,1292052,肖申克的救赎,5,0,有些电影，不看个四五遍，我是觉得真没有发言权。而这部电影是每个人的人生灯塔，并没有言过其实。全世界影迷心中的第一名，激励无数失意之人再次出发勇往直前。“挫折”、“心态”、“学识”、“机会”和“时间”这五个电影中的关键词，也在我们每个人的一生中极其有分量，对它们的不同认知，也会让你拥有不一样的人生。当Andy和Red在海滩拥抱时，对于与他们一同经历过一切的我们来讲，那份感动和满足，无以言表。
0,1292052,肖申克的救赎,4,9,多年后看意外没有减分严重
0,1292052,肖申克的救赎,5,1,当这部片被越来越多的人奉为最喜爱的电影时，它在我心中的地位不由地下降。故事很传奇，演员表演完美，Morgan Freeman的旁白...
0,1292052,肖申克的救赎,5,7,开头蠢到以为Andy深谙救赎之道，并不然，真正的救赎必定是海报上的场景出现的时候。毕竟这不是Andy的救赎，而是肖申克的救赎。
0,1292052,肖申克的救赎,5,5,他们说这是治疗抑郁症最好的电影还好我在自己快要得抑郁症的时候看了它它真的好精彩比起那些绚丽的特效激昂的动作片更容易走近我内心
0,1292052,肖申克的救赎,5,4,当瑞德说他也已经习惯了体制的时候，我也信了，觉得有的人注定是要被束缚在一个小小的天地里，可是当他最后找到安迪的时候，真的看到了一种前所未有的反差，看到希望的最强音，那是以为只是以为而已，希望之外确有一番新天地！
0,1292052,肖申克的救赎,3,7,有一种鸟儿是永远也关不住的，因为它的每片羽翼上都沾满了自由的光辉。
0,1292052,肖申克的救赎,5,7,toptoptop，希望，自由之源
0,1292052,肖申克的救赎,5,1,"Red narrating: I have to remind myself that some birds don’t mean to be caged . Their feathers are just too bright. And when they fly away, the part of you that knows it was a sin to lock them up. DOES rejoice. Still, the place you live in is that much more drab and empty that t"
0,1292052,肖申克的救赎,5,19,构思很独特
0,1292052,肖申克的救赎,5,16,"20岁时老师在课上分析该片，被平淡的叙事基调打退，不知为何经典。23岁这个宁静的夜晚独自观看，懂得，平凡的事物也可以做出非凡的精彩，是金子在哪里都可以发光。它和《阿甘正传》的味道很相似，细嚼慢咽，点点甜汇聚成令人回味无穷的甜美。它的成功在于它是一颗带给人希望的药丸，我看完它，我感受到生活的希望，我们知道生活终会苦尽甘来，即使现在很糟心。心灵的欲望会迸发出无穷的力量，我们的所想会引领我们到达自己想要去的地方。不得不说，最后安迪的逃跑有着浓烈的理想主义色彩和点点不切实际，但确实有震撼到我。与其像阿布一样年老体衰失去价值“被抛弃”，不如趁着还年轻飞往自由的天空。自由不是完全放任自我，而是心之所向，让此心安宁的地方，有希望才有活下去的动力，我希望我也能找到我生命的火花。"
0,1292052,肖申克的救赎,3,9,影史第一它肖申克担不起
0,1292052,肖申克的救赎,5,2,哥的人生只有40年，40年来看过得最好的电影就是他。（哥估计今后也不会有超越它甚至能跟他一较高下的电影）。是的，因为他，哥到现在仍不喜欢阿甘正传，不是阿甘不好，只怪它抢了肖的风头。
0,1292052,肖申克的救赎,5,15,让我过瘾很久，特别是最后的蓝色大海。
0,1292052,肖申克的救赎,1,15,一个地道挖二十年没人发现  侮辱观众智商  偏偏吹成第一  强奸民意
0,1292052,肖申克的救赎,5,6,要经常看一些经典的电影，就想读一些经典名著一样，其中获得的震撼和萦绕于心的感悟是深刻而持久的。时隔20多年再去回顾1994年的这部经典中的经典真是依旧让人亢奋。两个多小时意犹未尽，最后的I Hope激起了一身鸡皮疙瘩。
0,1292052,肖申克的救赎,5,9,能在大荧幕看到，是一种幸运。160514，新衡山。
0,1292052,肖申克的救赎,3,4,打三星不是因为不是好片。这部片不管在什么角度都是标准的教科书级别。个人原因不怎么喜欢太中正的电影，而且看过原著所以没多大感觉。印象最深的是安迪的唯一证人被枪杀的那一段。希望，希望，为什么一定要满怀希望？我们从没逃出过牢笼啊。
0,1292052,肖申克的救赎,5,6,有些鸟儿是不能关在笼子里的，它们的羽毛太漂亮了。当它们开始飞翔，你会觉得把它们关起来是种罪恶。但是，它们不在了定会让你感到寂寞
0,1292052,肖申克的救赎,5,10,希望让人自由
0,1292052,肖申克的救赎,4,2,好想给五星！！！！但是作为一个豆瓣新人 一开始给五星是会被当作水军自动清除的。只能用四星表达我对一部1000年内都不会差的好片的致敬。我总在想 什么是好电影 其实无非就是看了内心是充实的 而不是哈哈哈或者哇哇哇 而是充盈着满足感 一份看对了电影得到了营养的满足感。
0,1292052,肖申克的救赎,5,1,"""Hope is a good thing maybe the best of things. And no good thing ever dies.""名不虚传，94年是上帝想看电影的一年。致敬。"
0,1292052,肖申克的救赎,5,1,I guess it comes down to a simple choice: get busy living or get busy dying.想借这部如此沉重的电影写些什么，却似乎只有无语。总是这样，看完好电影，仿佛失去了所有的语言能力。喜欢摩根•弗里曼稳稳的，缓缓的旁白，和波澜不惊的表情 。
0,1292052,肖申克的救赎,5,3,安迪二十年的自我救赎让人震撼，布鲁克自杀让人痛心却又不意外，瑞德找到了自己的希望没有成为第二个布鲁克。经典的电影总是能打动人心
0,1292052,肖申克的救赎,5,12,这不是我们第一次面对黑暗，也不会是我们最后一次心怀光明
0,1292052,肖申克的救赎,5,2,"其实这片子基本可以不用说什么了  不管是国外的IMDB还是国内的时光网和豆瓣这片子都是排名第一  这就足矣证明这部片子了（BBC评选的""未获奥斯卡奖的最佳影片""1 The Shawshank Redemption肖申克的救赎 1994 2 It's a Wonderful Life生活多美好 1946）Fear can hold you prisoner. Hope can set you free"
0,1292052,肖申克的救赎,5,3,是經典，到最後人的救贖可能只有自己的思想是不屈的。渴望自由帶著憤恨渴望自由， 忍受苦難忍受本不應該有的苦難。而期間自由的輕松的唯有我自己的精神世界。
0,1292052,肖申克的救赎,5,4,印象最深刻的就是老人上吊的时候~人有的时候真的应该坚持自己的信念~不要习惯环境沉溺环境以致无法脱离~那是悲剧的人生
0,1292052,肖申克的救赎,5,6,没什么可说的，赶紧看吧。
0,1292052,肖申克的救赎,4,1,可能因为太经典了，当中的很多桥段被后人使用无数次，等到真正去看原版的时候基本上没什么感觉了……看教父、阿甘正传这些电影的时候总是有种无可奈何的感觉。
0,1292052,肖申克的救赎,4,4,“一开始会排斥它，然后开始接受，最后离不开它”。关于追求自由（但自由的人又是孤独的，体制与权威则反而可以给以安全感）的故事。不过个人认为影片本身有被高估的成分。
0,1292052,肖申克的救赎,5,6,配得上最完美的电影的称号 任何语言都失色
0,1292052,肖申克的救赎,2,6,觉得没有原著的表现力，原著看到“我希望……”那段瞬间热泪盈眶，电影没有给我这种感觉
0,1292052,肖申克的救赎,5,2,资料馆多功能厅2014.2.12.3pm 大银幕重看。整体节奏和人物安排非常杰出，每个人物都代表一定的意义层次，关于Institutionalized的展演颇为漂亮。最后那蓝的出奇的太平洋、和那条还需擦拭的破船，也挺值得玩味阐释。
0,1292052,肖申克的救赎,5,5,一切都是淡淡的，所以才给情绪的爆发做好了充足的准备。但说实话并没有在我心中是神片的地位。不过是因为大家都说好所以我也觉得好的心里暗示罢了
0,1292052,肖申克的救赎,5,2,有人不敢想，所以做不到，或者有人敢想，但是做不到。因为别人都不这么做，或者别人被体制化了而觉得不可能，我们就会觉得这样不行。监狱其实可以看作我们生活的社会，种种规则把每个人变成体制化的人，但只有最勇敢最坚强，内心存着最大希望的人，能够真正想到梦想，然后达成。
0,1292052,肖申克的救赎,5,1,"第一遍大一，第二遍大二，第三遍大二假期和爸爸，第四遍20120411，20150804第五遍。不是励志片，而是拍给俗人看的圣人片。“要么忙着好好活，要么忙着等着死。”20160605第六遍，Hope is a good thing, maybe the best of things。20200111第七遍五星，陆建艺老师配音版❤️"
0,1292052,肖申克的救赎,5,4,有的电影看完之后，可能记住了导演，可能记住了某些演员，可能记住了某些场景，片段，对白……但这部电影看完，所记住的就是一部电影。
0,1292052,肖申克的救赎,5,11,重温经典
0,1292052,肖申克的救赎,4,7,我不得不提醒自己，有些鸟是不能关在笼子里的，他们的羽毛太漂亮了，当它们飞走的时候…你会觉得把他们关起来是种罪恶，但是，他们不在了你会感到寂寞。
0,1292052,肖申克的救赎,3,12,算不上伟大的电影，只能说是成功的营销
0,1292052,肖申克的救赎,5,1,【影片的卓越之处在于它埋下了肌肤般的皱褶及河流般的跌宕，还有整部影片所暗示的西西弗斯式的劝喻。这个苦难的世界之所以能为我们所忍受，不在于它的真理式的唯一性，而在于通常一生仅有一次的恰当的表述。我把我个人的奥斯卡救赎奖授予肖申克。】
0,1292052,肖申克的救赎,5,9,Get busy living ，or get busy dying
0,1292052,肖申克的救赎,5,10,高智商的人在哪都是人才啊
0,1292052,肖申克的救赎,5,3,"其实一个有意思的点是安迪在地道挖好之后为什么不立刻逃跑呢。某种意义上，无论是在社会这个“大体制”还是监狱这个“小体制""中，他都能过的很好，找到自己的位置。如果不是因为被监狱长所激怒，如果不是因为他了解到他脱罪的可能，他是否真的就会从他的地道中脱出呢？等他真正从泥沼中脱出，他获得了自由之后，却反而进入了所谓“社会边缘”的位置——开一间小旅馆，经营一艘游船。与其说这是“反体制”的，不如说是自甘“边缘化”的。"
0,1292052,肖申克的救赎,5,2,如果有十星，那就是它！从一开始老布的绝望，“他还不如老死在监狱”，到安迪知道自己被陷害在臭水通道里爬行了500米获得自由，到已经过了40年体制化了的瑞德的假释，他的迷茫恐惧到位了遵从朋友的委托，最后终于又见到安迪。这一切的一切都在告诉我们，要么忙着生存，要么忙着死去。希望真是好东西啊
0,1292052,肖申克的救赎,5,3,紧扣心弦，情节超级超级紧张，回味无穷
0,1292052,肖申克的救赎,4,1,一部励志电影，一个很好的故事，最后的金色沙滩万人向往，没什么别的了，仅此而已，向伟大的电影致敬，那些走经典路线的导演们，你们都去死吧！
0,1292052,肖申克的救赎,5,6,“这些墙很有趣。刚入狱的时候，你痛恨周围的高墙；慢慢地，你习惯了生活在其中；最终你会发现自己不得不依靠它而生存。”最可怕的就是习惯，若习惯堕落，那只能一蹶不振，若习惯坚强，那便勇往无前。每当迷茫时总会重温这部电影！一切都会好起来的！
0,1292052,肖申克的救赎,5,3,人生就是不断摆脱“体制化”的过程。要么忙着生，要么忙着死。有《基督山伯爵》的影子，希望，才华，坚忍。缺一不可。
0,1292052,肖申克的救赎,2,8,两星只因为一个问题：为什么在男主每次遭遇三姐妹同志帮强奸的时候都没有人帮他？甚至在他为监狱里的犯人朋友们做了那么多以后？“我们喝了他的酒，也认为他是一个可敬的朋友，但是我们是不会在他被人设埋伏强奸的时候帮他的”？这一点导致我由衷感谢狱警长，毕竟是他为男主讨回了晚到太多的公道。
0,1292052,肖申克的救赎,4,3,一部不错的娱乐片。imdb top果然是民众的选择啊。
0,1292052,肖申克的救赎,5,2,不知道我在生日这天看到这电影有没有什么预兆或暗示。很励志。人物塑造很丰满。那老头让人感慨。想想五十年与世隔绝，你面对的世界会不会让你感到恐惧？到底有多少人可以像安迪一样是关不住的鸟？这样想来穿越是多可怕的一件事啊！影片最最后，不好意思，生硬的看出了基情。－ －
0,1292052,肖申克的救赎,4,1,看完小说完全剧透后再看电影，没有了情节所带来的触动与振奋人心，真心觉得电影本身的语言与叙事并不是那么的高超。
0,1292052,肖申克的救赎,5,1,"救赎的不仅仅是空间的自由，而是灵魂 hope is a good thing,and maybe the best thing at all.早就背熟的剧情，了然于心的台词，必须去影院亲自鼓掌致敬，心愿实现很开心！@2018上影节2018.6.18"
0,1292052,肖申克的救赎,5,1,"　1946年，年青的银行家安迪（蒂姆•罗宾斯 Tim Robbins 饰）被冤枉杀了他的妻子和其情人，这意味着他要在肖申克的监狱渡过余生。　　银行家出身的安迪很快就在监狱里很吃得开，他懂得如何帮助狱卒逃税，懂得如何帮监狱长将他收到的非法收入“洗白”，很快，安迪就成为了狱长的私人助理。　　一名小偷因盗窃入狱，他知道安迪妻子和她情人的死亡真相，兴奋的安迪找到了狱长，希望狱长能帮他翻案。虚伪的狱长表面上答应了安迪，暗中却派人杀死了小偷，只因他想安迪一直留在监狱帮他做帐。　　安迪知道真相后，决定通过自"
0,1292052,肖申克的救赎,4,2,男主角最后用虚拟户口领钱真潇洒！黑人朋友真好！读书青年太惨！电影没想象的沉重激动，但是不困不倦全部看完，足以证明其持续吸引力。最后黑人去树下拿铁盒，猜到是叫他去赴约。看着车子开在路上，他表情淡然，我心悠扬。直到蓝天大海，一艘小船，刷漆的男人，拥抱。有梦想，有希望。ps：老布太唏嘘。
0,1292052,肖申克的救赎,5,5,此片无关爱情，除了背叛。有的只是监狱中的男人间的友谊。他们都是内敛的人，然而洞悉一切，心意契合。我喜欢这种感情。
0,1292052,肖申克的救赎,4,0,MiniSD-TLF：http://www.verycd.com/topics/2803261/
0,1292052,肖申克的救赎,3,5,最被高估的电影
0,1292052,肖申克的救赎,4,1,我就说是美国片嘛，整部片子都是美国味儿！说回正题，片子剧情不错，但主角完美过头了属于非人类级别，削到四星。ps我从片子结尾看出了基味
0,1292052,肖申克的救赎,5,1,「希望与自由」，人类自我意识之最高追求与载体，过程却是万般的困难与艰苦，正因为事实上几乎所有人都求不得，才会对那些虚拟的故事和人物投射全部的情感，或许也是一种唯一可以赖以生存的念想，却不能放弃「希望与自由」本身。
0,1292052,肖申克的救赎,3,1,它讲述人性 传递能量 表达信念和希望，它满足了一本好电影所需要的所有元素，包括舒缓的配乐，以及冗长的剧情.....在还有一本电影的影评里看到这么一段话，大概意思是“给一本普遍好评的作品打低分总是有些心虚，但必须面对内心对它无感的事实。”这也是我看完后的想法。
0,1292052,肖申克的救赎,[NULL],0,看完后我甚至无法说明这部影片的感情 这里的犯人充满希望 这里的狱长步步堕落 忽然觉得 人生不过是从一个洞穴通往另一个世界 过去就成为一段回忆 让你在另一个世界里继续做梦 不过这个故事只能存在于足够自由的国度 否则没人会赞扬一群犯人和越狱者 即使他们也满身伤痕
0,1292052,肖申克的救赎,4,0,越狱只是形式.精神始终自由.这才是最重要的.所以看到Morgan Freeman最后真正懂得自由的真谛时比安迪的越狱更令我动容.
0,1292052,肖申克的救赎,5,3,三刷，依旧感动。生活就是一个牢笼，心存希望才得以自由。安迪百年如一日的坚持和对时间掌控，敏锐的觉察力和知识的储备，这些都是他强大的羽翼，鸟儿终打破禁锢，拥抱美好。悬念的保留，卓越的摄影和配乐，为本片添彩不少。“救赎之道，就在其中。”“他只是被制度化了。”“要么忙着活，要么忙着死。”“有些鸟儿是关不住的，他们的羽翼闪耀着自由的光辉。”“希望是件美好的事，也许是世间最美好的东西，而美好的事物永不消逝。”
0,1292052,肖申克的救赎,4,6,很经典的剧，值得看
0,1292052,肖申克的救赎,5,1,"Hope is a good thing,maybe the best of things,and no good thing ever dies."
0,1292052,肖申克的救赎,4,4,好的电影和好的书一样，不是看一遍就能放下的。看完了，有感触，记录，才不负一部优秀的作品。这一部很励志，很出人意料，很令人振奋。
0,1292052,肖申克的救赎,[NULL],0,如果有一天，你可以获得假释，一定要到某个地方替我完成一个心愿。那是我第一次和妻子约会的地方，把那里一棵大橡树下的一个盒子挖出来。到时个你就知道是什么了。
0,1292052,肖申克的救赎,5,0,追求自由的人生与被体制化的人生，也是相反的精神取向。电影《肖申克的救赎》中，执著追求自由的主角安迪与被体制化的老布，是人类精神面貌的两面镜子。安迪是蒙冤入狱的年轻银行家，凭着对财务知识的精通，获取了监狱管理者的信赖，为………与此相对照的是在监狱待了五十年的老布，当他获知自己即将刑满释放时，却面临精神上的崩溃，如同犯人瑞德所说，“起初你讨厌它（监狱），然后你逐渐习惯它，足够的时间后你开始依赖它，这就是体制化”。老布不惜伤害狱友，以求在监狱中继续服刑，他被环境同化，一旦脱离，就如同鱼离开了水，所以在不得不出狱之后，他自杀了。安迪明白“体制化”对朋友瑞德的影响，所以为瑞德在一棵巨大的橡树下，留下了投奔自由的路径，让他用希望拯救内心的绝望。恢复自由的心，就如同治疗慢性疾病，希望与信心是最关键的药物。
0,1292052,肖申克的救赎,4,1,多年以后，当瑞德在布鲁克斯因无所适从了结生命的旅馆里迷惘彷徨时，他忽然发现安迪在那块玻璃石下什么也没放，除了一样东西――希望。很精彩的一部商业片，对自由的探讨关于体制化很真实，越狱部分的叙事顺序调整惊艳，但想不通为什么会排第一？
0,1292052,肖申克的救赎,5,0,信念 希望 永不放弃（2009.3）09年标注的，也是豆瓣上第一部标注的电影。第一次看这电影应该是高二的一个晚自习，推算一下应该是07年，设备我还记得魅族Miniplayer SP，下载于个人FTP资源站，用FlashFXP之类的客户端拉下来的，整个FTP里面全是转码好格式和分辨率适合M6播放的电影（大概是avi.320*240.18Fps）。那时哪知道那么多，下载下来的电影只管看就是了，没有预告没有简介，就一个几百MB.avi文件，一个晚自习看完直呼牛逼。也因此知道了IMDB Top 250，知道了它是Top1，那时的豆瓣还没有Top250。大一前后，下载了TLF的IMDBTop250转眼已经十多年过去了，两年的高三和大学期间看过很多遍，毕业后再也没看过，这部电影早已在心里淡化了。
0,1292052,肖申克的救赎,5,1,监狱是怪地方。起先你恨它，然后习惯它。更久后，你离不开它。这就叫“你被体制化了”。
0,1292052,肖申克的救赎,3,3,"在下載《肖申尅的救贖》的時候，我一直在想“太晚了，太晚了”。因为光听到这个名字已经若干年了，它的名字出现率在任何一本电影杂志都高的惊人。但是不知是我滔碟的时候总是错过还是我与这片子确实没有缘分，反正是直到昨天晚上，我才看到这部久违的电影。当真的花了两个多小时时间看完之后，我开始甚是困惑……为什么那么多的影评人都给出了9分的评价，而我的个人感受……并没有那么多~《肖》让我想起了两部片子，一部同是差不多的线性结构的监狱片，是在上影视编导课的时候经我们的美女老师大力推荐的《恶魔岛》，另一部是我最爱的导演"
0,1292052,肖申克的救赎,5,1,大抵小说改编电影，绝大部分无法超越原著，但至少有两部例外，一个是教父，二流小说变成一流电影，斯蒂芬金一个不起眼的中篇，成了各排行榜的常客，虽不少人认为本片实在担待不起各种榜单榜首，相对于奥斯卡上的完败，现在只能说是平反过度吧，但是我依然喜欢，也许对于自由这种主题，已经显得不够高端
0,1292052,肖申克的救赎,5,6,伟大的电影引领我们飞升；“人类全部智慧就包含在两个词中：等待和希望。”——《基督山伯爵》
0,1292052,肖申克的救赎,[NULL],0,是很不错，不过不觉得该是IMDB中排名第一的电影......至于《刺激1999》的港译，只能说......
0,1292052,肖申克的救赎,3,5,又看了一遍，仍然觉得很一般，很一般的励志电影。当然，关于“体制化”的讨论是有点意思的。
0,1292052,肖申克的救赎,4,0,很多台词不错 喜欢这些人的表演风格 不算压抑。喜欢他在狱中逃出后 淋得淋漓透彻的那一段。 我们说 自由。少拿这两个字刺激人。。嗯哼。。。 
0,1292052,肖申克的救赎,4,52,看了很感动，励志的故事
0,1292052,肖申克的救赎,5,0,"Hope is a good thing,maybe the best of things. 一个自由人怀揣着希望，开始一段漫长的旅程，伴随着未知的结局，思绪纷乱，激动不已。"
0,1292052,肖申克的救赎,5,2,“你不能改变这个社会，那么你就要努力的去适应它”，在这部电影看来，这句话完全是bullshit！！这是个人对于一个制度的对抗，如果它拥有最强大的集权机构，你会选择顺从，被同化，乃至尿都不敢滴出来，还是像他一般，用一把藏在圣经里面的小锤头，在二十年后，给予它致命的一击。
0,1292052,肖申克的救赎,5,5,上大学时第一次看这片，感叹米国监狱的住宿和伙食强于中国大学。
0,1292052,肖申克的救赎,[NULL],1,基督山伯爵最完美的变奏；反体制主题永远是上班族最爱。其实只是第2遍看，可为什么要把配乐拿去给bbm的Trailer用呢，害得我老穿越。
0,1292052,肖申克的救赎,5,3,算是越狱类题材的鼻祖了，越狱里很多情节都模仿了他～最爱电影里最后一段话，hope is good thing maybe the best of things in the world
0,1292052,肖申克的救赎,5,2,久仰盛名的片子太多。但并不是每部都能让人哭着笑起来。环环相扣的计划太妙了。有计划有动机也有导火索，最赞的是有个happy ending。Red是redemption的缩写，象征着身和心共同的救赎解放。Salvation lay within. 喔。Get busy living or get busy dying. 海洋木屋棋盘和一个伴儿，岂不惬意。
0,1292052,肖申克的救赎,5,0,这片子的意义对我也不同寻常，那个如噩梦般的夏天，在电影频道播放完这部后，噩梦就此完结。那时候电影内容没有心思详细体会。后来再次观看的时候这片的情节和内涵深深震撼着我。
0,1292052,肖申克的救赎,5,1,以前有人告诉我，肖申克的救赎是他最爱的电影；当时懵懂，就下下来看，只觉着情节尚妙，倒也并非好至此般喜爱，更不明为何叫做“肖申克的救赎”。时隔多年，在回家的火车上，我又点开它，看到振奋，看到落泪，便又看了第三遍第四遍，关于人生绝境的自我救赎，这大概是最好的诠释了。
0,1292052,肖申克的救赎,5,7,我是大一的时候第一次看这部影片，刚开始真的很压抑了，充满了艰辛。整部影片中没有华丽的特效，没有炫酷的打斗，大部分是监狱里的人们交谈的场景，但平静中有一股力量，鼓舞人心，发人深省。在我迷茫痛苦的时候，她总能带给我平和的力量。
0,1292052,肖申克的救赎,5,2,如果你不是看了影评而来观看这部电影，完全不去猜测结局会是怎样，而只是随着剧情的发展而来，你才会被影片最后部分的高潮所震撼，也才能真正体会到希望的伟大和人性的光辉。而影片最终告诉我们的也不是发生在肖申克的救赎，而是关于我们每个人的救赎，随着时间的流逝，你是否还能坚持自己最初的梦想
0,1292052,肖申克的救赎,5,1,"Fear can hold you prisoner, hope can set you free. A strong man can save himself, a great man can save another."
0,1292052,肖申克的救赎,5,2,真正的监狱其实在人的心里 我们日复一日 划地为牢 而总有那么一些鸟儿是无法被关住的 它们有着那样光亮的羽毛 它们总能够冲出困境 飞向它们向往的自由 它们是无法被圈禁的灵魂
0,1292052,肖申克的救赎,5,0,人总是要做点什么；既然走出来了，就再走的远一点吧；希望是美好的东西，也许是最美好的东西。恐惧让你沦为囚犯，希望让你重获自由。
0,1292052,肖申克的救赎,4,2,影史第一的电影并不是说带给我有多震撼，而更多的带给我的是思考。体制化，这个词语在电影看完之后久久不能散去我的脑海中。参加工作初期我有多么痛恨体制化，现在的我却因为家庭、父母各种原因没有勇气辞去工作追求当年口中的自由。
0,1292052,肖申克的救赎,5,0,"Hope is a good thing,maybe the best of things,and no good thing ever dies"
0,1292052,肖申克的救赎,4,1,其实这片很扯淡，是一个关于美国小资的臆想，话说结尾老黑在沙滩与小白相会，我第一反应的，这俩是一对老玻璃
0,1292052,肖申克的救赎,5,1,不知道看多少遍了，年纪越长越能体会到更多的东西，因为它讲了别人都不愿意讲述的东西。被禁锢之下的时间，你会如何度过你的人生？当你知道自己所经受的苦难都是可以避免的时候，你又会做出怎样的选择？
0,1292052,肖申克的救赎,5,1,第一次看这个是在大学的英语课上，他有个很俗的名字叫《刺激1995》，一开始的压抑几乎让人不想继续看下去，但是最后的升华会直透我们的内心。Hope is always a good thing.
0,1292052,肖申克的救赎,5,0,"有的人的羽翼是如此光辉，即使世界上最黑暗的牢狱，也无法长久地将他围困。片中有个乌鸦，我觉得他和安迪一样，虽然身陷囹圄，依然能够自由的飞向天空。 经典就是经典。"
0,1292052,肖申克的救赎,5,8,知识改变命运，永远保持希望，对自由的渴望，对他人的善良
0,1292052,肖申克的救赎,5,12,重温肖申克的救赎，小时候一直觉得这只是一个很普通的励志故事，成年以后发现世界就是巨大的监狱，人均囚犯，一个人知道自己为了什么而活就可以忍受任何一种生活。
0,1292052,肖申克的救赎,3,5,肖申克的救赎，救赎的是人的身体还是人的灵魂？
0,1292052,肖申克的救赎,5,0,2月1号重煲。希望信念你缺少哪一样 又坚持了哪一样？-----记之前短评：首先说一句 我爱我出生的这一年 这年出产了不少世人口中流传的经典好电影！然后 我爱半夜 一个人窝在被窝无打扰的状态下看电影 尤其是这样的好电影！在有生之年 别再幻想了 抱有希望的活好每天吧 起码我算自由的
0,1292052,肖申克的救赎,5,1,这部电影之所以能得到这么高的评价~~因为它雅俗共赏~这个是最难的品质~~也是其他电影所不具备的东西~~~现在想看这样一部电影真的是太难了~~~
0,1292052,肖申克的救赎,5,1,高墙如人生，很多时候虽努力依然不可逾越，画地为牢，如何才能更好生存，反而成了当务之急，慢慢更演变为生活之全部！这就像是从学校毕业踏入社会，历历现实，谁可逾越？倒是选择泰然处之者芸芸，即便真相总是在高墙后面，在石头底下的盒子中....
0,1292052,肖申克的救赎,5,1,我有梦想，但是从来不会提起，因为我那强大的梦想能让我战胜一切，而且不需要被你们证明。
0,1292052,肖申克的救赎,5,2,即便是几年后重温，仍旧忍不住疯狂为这部里程碑电影打call。Brooks was here……这是“体制化人”的最后呐喊，然而于我们自己而言又有多少人不是温水里的青蛙？去体制化，给自己的思想去体制化，是我们仍然年轻的年纪，当前最该做的。
0,1292052,肖申克的救赎,5,1,各大榜单排行榜这部电影都能排到第一，感觉还是有点被高估。其实相对于这部电影我还是更喜欢原著一些。
0,1292052,肖申克的救赎,5,1,我很惭愧这么迟才把这么好的一部片子点出来。。= =+之前看了无数次他的名字，没一次点开。。b4自己..这觉得是部无论什么时候看来都相当好的片子！
0,1292052,肖申克的救赎,4,3,希望就衍于你心，再坚牢的石墙也囚禁不住。只要心怀希望，你就是一名自由之人。
0,1292052,肖申克的救赎,[NULL],0,"一种心灵的震撼，开始说I HOPE THAT..........周围的人都说你不能做到，希望是件痛苦的事儿。但是他们都没能做到，所以他们只能说不可能做到。坚信oprah winfrey 的一句话""I never wanted to be in a position again where i was meant t"
0,1292052,肖申克的救赎,5,0,我居然现在才看。好的电影不随时光褪色。实在是太好的电影了。梦里不知身是客。
0,1292052,肖申克的救赎,5,2,为了自由，隐忍，坚持，最终终于是飞出牢笼。有一种鸟天生不适合笼子。我们都是这种鸟，追求自由的翅膀在不甘心中带我们飞离牢笼。然而成功所需要的是坚持坚持再坚持。为了理想，一切都值。
0,1292052,肖申克的救赎,4,0,边看边忍不住想，外面只是个更大的监狱。。不论在哪，尽力做好自己想做的，哪怕花一生。其它的，顺其自然，随遇而安。呵呵，我又跑题了呵。看到最后十分钟时，有丝暖意升起。
0,1292052,肖申克的救赎,5,0,"经典老片。~Hope is a good thing,maybe the best of things,and no good thing ever dies.希望是件好东西，也许是世上最好的东西．好东西从来不会流逝．"
0,1292052,肖申克的救赎,5,0,总是有很多电影，因为敬畏，我一直没有看过。将近20年过去了，无人撼动的经典。我从来没有吃过真正的苦头，从来没有施展出真正的智慧，也活该从来没有真正拥有过希望。
0,1292052,肖申克的救赎,4,0, 美国式的起承转合，美国式的男人友谊，美国式的宗教思想，美国式的人性刻画，美国式离奇又意味深长的团圆结局。美式口味吃惯了，快感就打了折。尤其是那个阳光海岸的结局，得确是豁然开朗了，可是灿烂得有种跳脱了影片的别扭。
0,1292052,肖申克的救赎,5,1,通宵看完了小說實在按耐不住，又過了遍電影，依然震撼。。。。。。看完這部電影，或許你對人生又會有另外一種感悟。我喜歡結局時的那個場景，蔚藍色的太平洋，兩個飽經風霜的男人，一段往事。。。。而我看見的卻是希望。。。。。。。。
0,1292052,肖申克的救赎,[NULL],0,在硕大的阶梯教室看这样精彩的电影，心里的那份震撼和激动，历历在目。
0,1292052,肖申克的救赎,5,8,关于希望，关于坚持，每个人都需要肖申克式的救赎。
0,1292052,肖申克的救赎,5,2,当年最喜欢的电影。浪漫英雄主义情怀虽然老旧，永不过时。最喜欢的还是放歌剧那一段。
0,1292052,肖申克的救赎,5,2,初看时是张不起眼的刺激1995VCD，觉得越狱好牛，后来不知怎的这片就火了应该缘起IMDb，他可能不是大多影迷心中的第一，但平均分确实最高，精装DVD和资料馆重看，每回都有收获，好多形容词都能用来评价他，几乎涵盖除了男女爱情所有基本元素。如果只看一部电影选他最合适，因为真到了那时希望是最需要的
0,1292052,肖申克的救赎,5,0,Fear can hold you a prisoner. Hope can set you free.
0,1292052,肖申克的救赎,5,0,越是经典的片总是想等到最后看，如今看完电影我也知道了为什么这样的电影会屹立不倒，因为通过电影我们每个人可以更好的认识自己，了解人生。最后突然觉得会计那个时候就很流行了，渐渐对自己的专业喜欢了。
0,1292052,肖申克的救赎,5,0,　I guess it comes down to a simple choice: get busy living or get busy dying. 
0,1292052,肖申克的救赎,5,0,在某一次的英语课上看的，但是之后好像又看过两三次~ 真没想到居然有这么聪明的人~一个人为了自由，为了自己应得的一种生活需要付出多少代价？？！
0,1292052,肖申克的救赎,3,0,Brooks 得到了身体的自由，灵魂却已经被无可挽回地体制化。他终于没有能够摆脱对自由无法适应的困境，悬梁自尽。而睿智如 Red，在出狱之后也悲哀地发现，自己竟然连撒尿都要向经理报告，否则一滴尿都挤不出来。他也考虑如何违规以便回到监狱，甚至考虑与 Brooks 一样离开。 
0,1292052,肖申克的救赎,5,1,Fear can hold you prisoner. Hope can set you free.
0,1292052,肖申克的救赎,5,0,当安迪终于爬完整整五个足球场大小的下水管道，在雷电骤雨中撕扯囚衣双手拥抱自由的雨水时，我的身体沸腾了，那一刹那，我也想追随安迪……
0,1292052,肖申克的救赎,5,0,如果没有美国梦一样阿甘，他会站在奥斯卡的舞台上，其实他可以比阿甘高0.5分。
0,1292052,肖申克的救赎,5,0,看过2次还是3次了？  经典名片，imdb 排名1-2 的片子  很可惜，一开始还没看就被人剧透了
0,1292052,肖申克的救赎,5,3,不愧是经典 看完后 有鼓力量油然而生片中有个乌鸦 我总觉得他和安迪一样 虽然身陷囹圄 依然能够自由的飞向天空 
0,1292052,肖申克的救赎,5,0,我们所生活的世界里没有这类友谊，但狩猎者们有。他们的社会里没有抑郁，也不会有殴打儿童的事情发生，这是今天的社会才有的事。所以，在一个不协调或者不快乐的世界里，应该如何寻找生命的意义？今天我讲的很多内容都十分残忍，但我仍然认为它会让你成为一个更加幸福的人。如果你能理解我说的，你能理解这个世界并不适合我们，你也许能够在自己的生活中克服这一切。我个人相信的是，我们是宇宙的神经末梢，我不仅仅是以个人身份扮演自我的角色，我是宇宙本身，因为我创造了宇宙。我是宇宙的眼细胞、耳细胞、脑细胞。这是一个很酷的信念，甚至有一点傲慢。
0,1292052,肖申克的救赎,5,2,"对于主角的各种设计各种用心最后成功越狱，让人激动又佩服。尤其喜欢""Some birds aren't meant to be caged""这句话"
0,1292052,肖申克的救赎,5,5,巨大的隐喻，关于美国的自由到底是真实还是虚假的讨论！
0,1292052,肖申克的救赎,5,0,这俩人就差在海边亲一口了~PS：看这电影令我错过了中饭   电话还是要拿去修的 ~
0,1292052,肖申克的救赎,5,10,每次看都有不同的感受，这便是经典！
0,1292052,肖申克的救赎,5,0,"悲惨的时候时常想起安迪.地狱里都爬出来了. 你和他比,你的痛苦什么也不是.  you must be fight!"
0,1292052,肖申克的救赎,5,0,两个主角就不说了 经典 看过两遍 值得收藏| 严重怀疑我之前的两遍都没有看懂这部。感动的看着他努力建立监狱图书馆，6年不间断的每星期一封信到后来的两封，Brooks出狱时的绝望和最后自杀前还把衣服叠整齐，Red从认命都开始相信hope，小混混被监狱长杀死，最后的结局。感慨。。值得一看再看！
0,1292052,肖申克的救赎,5,0,故事本身就足以震撼，而内核更是让人倍叹醍醐灌顶，一种从未有过的心灵洗涤！“希望是件好事，也许人间至善，善良之事永不消逝！”经典台词无数。出狱后雨中咆哮那场戏配合海报足以名垂青史。利用体制赢得自由，还是服从体制畏惧自由？然而最伟大的地方在于，安迪在为自己争取自由的同时也帮助狱友瑞德获得了救赎！
0,1292052,肖申克的救赎,5,0,OK，当一个人总觉得希望是最重要的东西时，他就有无限的可能性。当看见那海报后长长的洞，谁会不被安迪感动呢101001再看，身上发麻了好多次。希望是人间至善，但多少人能突破体制相信自己的执着，太震撼了。这样的人这样的意识的存在，就是一种意义。
0,1292052,肖申克的救赎,4,3,这个片子最触动我的是那个黑人。坐了几十年的牢，早已习惯了监狱里的一切。而当他被释放出狱，他无法找到自己，也无法在社会立足，出狱后，他反而选择结束生命！特别让人深思！也看到了人性！
0,1292052,肖申克的救赎,5,0,"hope is a good thing，maybe the best of things, and no good thing ever dies,时隔多年重看还是感慨，那种冤屈入狱冷静求生，为狱友谋福利，共同成长直至重获新生，一场策划了19年的越狱，andy牛逼！你值得蔚蓝的太平洋，你值得这自由！2020.3.21"
0,1292052,肖申克的救赎,5,0,"It takes a strong man to save himself, and a great man to save another."
0,1292052,肖申克的救赎,4,0,institutionalization!!!! Hope is a good thing!!!
0,1292052,肖申克的救赎,5,1,08年第一次看 希望  .2017年看的第二次 依旧感动到不行 我们被生活禁锢在无形的牢笼 所谓自由 却是无数条条框框下的身不由己。我们不曾自由。心里的枷锁 现实的框架下 不曾鼓足勇气展望远方
0,1292052,肖申克的救赎,4,0,"You know some birds are not meant to be caged, their feathers are just too bright."
0,1292052,肖申克的救赎,5,1,"Red 说，希望是危险的东西，是精神苦闷的根源。重重挤压之下的牢狱里呆了三十年的他的确有资格这么说。因为从进来的那一天起，狱长就说过，“把灵魂交给上帝，把身体交给我。”　　 　然而 Andy 告诉他，“记住，希望是好事——甚至也许是人间至善。而美好的事永不消失。” "
0,1292052,肖申克的救赎,5,0,"文艺一点的总结：You see hope, then there is hope. 2B一点的总结：知识就是力量！能带给人最大震撼的永远是时间，和飞越疯人院比我明显更倾向于这类型的片子，不自由毋宁死，但绝不是这里。救赎这个词用得太妙，对自己，对Redding，对监狱里的所有人，或许……可能也包括监狱长吧。"
0,1292052,肖申克的救赎,5,0,"虽然社会一直在进步了，但还是有不尽人意之处，每个时代都有着其反人性的部分。在我看来，片中的监狱就是个地狱（囚犯和狱警）,虽然充满暴力、阴谋、私欲，但并不像其他片中大肆宣扬不和谐的成分,而是突出了在这么丑恶的现实面前,人性至善的地方,人们的友爱以及对自由美好生活希望。I hope...I hope..心灵一直仍然在颤抖，私利真的会磨灭人性！斯非吾欲也！"
0,1292052,肖申克的救赎,5,0,除了震撼以外，还有一丝无奈的感觉~“适应”一词多是褒义，但“适应”某种捆绑后的自由，居然令人不知所措……
0,1292052,肖申克的救赎,5,0,我好像是看完這個才開始看越獄的吧，後來這兩部片我都愛上了......
0,1292052,肖申克的救赎,5,0,理性的思维，坚持的毅力。希望必须存在人们心中。大学的时候老师要我们看嫌太过沉重不愿触及。现在沉下心来看，过程灰暗，却让人明白许多道理。在这样经典的影片面前，言语有些笨拙，不知如何形容里面的人性，记录一下就好了
0,1292052,肖申克的救赎,5,0,对人生梦想噶不断追求，还有对自由噶渴望，不放弃，不抛弃，这种精神可以激励一代人~《The Shawshank Redemption》第一套令我进入电影坑的戏。
0,1292052,肖申克的救赎,5,0,“有的人的羽翼是如此光辉，即使世界上最黑暗的牢狱，也无法长久地将他围困！”男人必看经典励志高分影片！每当现实令我疲惫得产生无力感，翻出这部电影，就会重获力量。
0,1292052,肖申克的救赎,5,0,无冕之王，影片本身经典和品质都毋庸置疑。不过在imdb和豆瓣都高居榜首还是稍感不解
0,1292052,肖申克的救赎,5,1,". First you hate them, then you get used to them. Enough time passed, you depend on them."
0,1292052,肖申克的救赎,5,0,好吧，真是一拖再拖到现在才把它看掉，没看之前不知道剧情内容以为是何等神作。虽然剧情没怎么吸引我，但主人公的坚持与执着还是打动了我，也许这就是信念的力量吧。豆瓣上的第一神剧，已阅。
0,1292052,肖申克的救赎,5,3,很好奇导演是如何面对自己这部“霸占所有电影榜单榜首”的作品的
0,1292052,肖申克的救赎,5,2,高智商的男人惹不起！！！Andy太屌了！！！老布假释后不习惯外面的社会 毕竟在监狱里呆了50年 自杀 可以想象。后来Red假释出来 幸好有Andy给他的希望 不然在狱中40年的Red也很有可能步老布的后尘。花了20年逃出去 还摆了坏人一道 真的狠屌！！！
0,1292052,肖申克的救赎,5,4,还看！我喜欢的电影
0,1292052,肖申克的救赎,5,0,好电影不一定要酷，不一定要制作规模超级大，不一定要节奏快，不一定要·····太多了，一部好电影
0,1292052,肖申克的救赎,5,2,我已经忘了是第几遍看了，从不知该怎么评价。我想，这回它提醒我，好故事之外，还需要另一些吸引人的东西。
0,1292052,肖申克的救赎,4,1,https://www.douban.com/people/hitchitsch/status/1931575922/
0,1292052,肖申克的救赎,5,1,很遗憾现在才看着经典的影片，可却不得不说选了一个最佳时机，真的是有什么过不去的呢，只要自己是对的，只要坚信自己能做到，即使这里倒霉，被黑，我还是总会找到自己的定位的，是该走出来的时候了。get busy living or get basy daying 
0,1292052,肖申克的救赎,5,0,"Hope is a good thing,maybe the best of things,and no good thing even dies."
0,1292052,肖申克的救赎,5,0,get busy living or get busy dying我下半辈子也去开个店得了140727重看
0,1292052,肖申克的救赎,5,0,忘记了第一次看这部电影是什么时候，其实一直对其印象不太深，总是在我还未获得“freeman”身份的时候吧。多年后重看，恍惚觉得伟大的作品常常会有相似的内核。人生不过是层层嵌套的围城，不得不不断地做出选择，自由在远方时最令人神往，而当你看到命运的大门上插着的钥匙时，却往往不敢去转动它。人不敢做出改变，不愿自己做选择，亚隆说做出选择意味着你亲手杀死了其他所有可能的自己，自由是沉重的，希望令人恐惧。这种沉重与恐惧，是托马斯曼的魔山，是卡夫卡的城堡，甚至也是，卧虎藏龙里玉娇龙的纵身一跳。而现实令人鼓舞的一面可能是，你并不需要是一只很特别的鸟，才有权享有自由，你也不需要爬那段500码的屎尿下水道，但很多个孤独的夜，你不妨做好准备去面对它。
0,1292052,肖申克的救赎,5,1,这是属于自由的灵魂。没有什么能将其拘禁，没有什么能将其挫败。无论他身居何处，他都能改变环境，而不是被环境改变。
0,1292052,肖申克的救赎,5,24,  监狱里的高墙实在是很有趣。刚入狱的时候，你痛恨周围的高墙；慢慢地，你习惯了生活在其中；最终你会发现自己不得不依靠它而生存。这就是体制化。每个人都画地为牢，生活在里面。即使痛恨着、挣扎着、想要摆脱着，其实我们也享受着、经营着、离不开了。有的人离开牢笼后无法生活，有的人浑身长满了自由的羽毛，即使在牢笼里也不忘雕琢打磨使其不断灯丰盈。我最近陷在一个怪圈里无法自我解脱，企图通过一些可笑的伎俩来转移。但是在无爱无声无时间的世界里，什么都是徒劳。如果自我和解，就能活下去。
0,1292052,肖申克的救赎,5,0,"hope is a good thing, may be the best of them... 当年被阿甘的风头打下去 时间沉淀为经典第一"
0,1292052,肖申克的救赎,5,17,最喜欢安迪开着粉色敞篷车驶向阳光那一幕
0,1292052,肖申克的救赎,5,0,体制使你变得僵化，先是不适应，后来慢慢适应，然后你会发现你已经习惯这个体制，再也离不开它了。老布就是这个体制的牺牲品，最后他选择了上吊自杀。本片讲述的是一个自我救赎的故事，不是在体制中沉沦，就是在体制中爆发。坚持不懈、持之以恒，总将获救！
0,1292052,肖申克的救赎,5,1,历经剧透依然能够鼓舞人心的伟大影片 希望 执著 信念 人生中永不消逝的美好事物 还有末尾的Zihuatanejo 和那片没有记忆的湛蓝的温暖的海洋
0,1292052,肖申克的救赎,5,0,"Hope is a good thing, maybe the best of things, and no good thing ever dies."
0,1292052,肖申克的救赎,4,0,好像对于无助的老人这一形象画面的表现力大于文字。其他的话，其实比原著要差。
0,1292052,肖申克的救赎,5,0,“圣娜达卢”———墨西哥附近，太平洋中的一个小地方。“可知墨西哥人怎样形容太平洋吗？‘没有回忆的地方’，温暖而无回忆的地方，那将是我度过余生之地。” 
0,1292052,肖申克的救赎,5,7,真是一部令人深思的电影，我们班主任也老早叫我们去看了。描写了许许多多的人性，真的不愧为电影界标杆
0,1292052,肖申克的救赎,5,0,终于看完这部豆瓣网排第一的片子了。很不错。最关键的一个词hope。最后那个拥抱很感人。这部电影告诉我，不管前面的路有多难，坚持下去，就会有希望。当你选择一条不寻常的路时，也许周围的人会反对，劝阻，但最终的路还是自己走出来的。
0,1292052,肖申克的救赎,5,0,比原著小说更会说故事~向我们展示希望的不灭，经典中的经典。。
0,1292052,肖申克的救赎,5,0,"觉得此片好的人一般是：1、思考过存在意义（也许只是想过为什么活着这一命题）的人；2、思索过信仰、宗教、人与神关系的人；3、有耐心读完整本书（非网络文学），并对未知事物有好奇心，遇到迷题有探索冲动的人；4、处事过程并不完全靠直觉，而是尝试简单推理的人；5、无论表面如何阳光，内"
0,1292052,肖申克的救赎,5,0,"Hope is a good thing,maybe the best of things,and no good thing ever dies. "
0,1292052,肖申克的救赎,5,1,"Shawshank,a bussness man in the world war 2,he find the humanlity through the gemany army's killing for jew,he is a hero for saving jew"
0,1292052,肖申克的救赎,5,2,Some birds are not meant to be caged.Their feathers are just too bright.
0,1292052,肖申克的救赎,5,0,"A legend of a hell escaper, never institutionalized but always as an individual, who keeps releasing the power of hope. "
0,1292052,肖申克的救赎,5,1,"故事发生在1947年，银行家安迪被指控枪杀了妻子及其情人，被判无期徙刑，这意味着他将在肖恩克监狱中渡过余生。 　　 阿瑞1927年因谋杀罪被判无期徙刑，数次假释都未获成功。他现在已经成为肖恩克监狱中的“权威人物”，只要你付得起钱，他几乎有办法搞到任何你想要的东西：香烟，糖果，酒，甚至是大麻。每当有新囚犯来的时候，大家就赌谁会在第一个夜晚哭泣。阿瑞认为弱不禁风、书生气时足的安迪一定会哭，结果安迪的沉默使他输掉了四包烟。但同时也使阿瑞对他另眼相看。 　　 好长时间以来，安迪不和任何人接触，在大家报怨的"
0,1292052,肖申克的救赎,4,0,同学推荐，才开始勉强在看 我只得说 前面的沉闷全是为了最后30分钟做伏笔 最后太精彩
0,1292052,肖申克的救赎,5,1,"真的是经典…看过小说所以知道大致情节，不然会是怎样的震撼…即使这样，还是有很多感人或震撼或沉重的情节，经典台词不胜枚举，经典桥段数不胜数…结局和原著不同，延续到两人重聚的镜头，虽然没有原著的结局开放，却是整部影片唯一的温暖色调~这片子已经被夸到烂了，但还是……经典~~~Some birds aren't meant to be caged, that's all. Their feathers are just too bright."
0,1292052,肖申克的救赎,5,0,hope is a good thing， maybe the best of things
0,1292052,肖申克的救赎,4,0,"很不错，很震撼心灵。但是它太好了，所以嫉妒的只给4星。另：个人认为谨慎17年andy不该在最后冒险穿一双新皮鞋从典狱长办公室回到牢房。"
0,1292052,肖申克的救赎,5,3,希望，是这个故事给予人们最大的美好。在最后看到那片蓝色大海顿时真的令人感动得想哭啊，非常棒的故事。
0,1292052,肖申克的救赎,5,2,"曾经给我最昏暗的高中时期带来了曙光，从体制化到希望到救赎，每一步都是人生的经验。和当年的对手《阿甘正传》同时看的，但《肖申克的救赎》在我心中的地位是永远的第一，Get busy living, Or get busy dying"
0,1292052,肖申克的救赎,4,3,高中时看过小说 不过觉得也就是一个中规中矩的大片 基本上大片在我这里最高也就是4星……感想是还是要掌握一技之长 这样到哪儿都饿不死=。=
0,1292052,肖申克的救赎,5,0,最精彩的是安迪自我救赎部分，很励志，鼓励人最不能失去的是希望，“不然就真的被着黑暗社会改造了
0,1292052,肖申克的救赎,4,0,「监狱里的高墙实在是很有趣。刚入狱的时候，你痛恨周围的高墙；慢慢地，你习惯了生活在其中；最终你会发现自己不得不依靠它而生存。」好莱坞电影的母题，自由与英雄主义。
0,1292052,肖申克的救赎,5,0,电影是很好的，但总的来说我认为应该是好在了故事里的精心布局到最后出人意料的结局，而不是整个片子的各个方面。不管怎么说，还是激动人心的，应该得到五星
0,1292052,肖申克的救赎,5,9,还是要靠自己
0,1292052,肖申克的救赎,5,0,看这部电影的时候 还是两张碟版的vcd 情节却让人过目不忘 且不断回味 可算是 神作 了
0,1292052,肖申克的救赎,4,5,坚强的人只能救赎自己，伟大的人才能拯救他人。
0,1292052,肖申克的救赎,4,0,"我只是想说，学好一门技能是多么重要啊T.T无论你是被关小黑屋了还是越狱了。。""Brook was here"" ""So was Ned"" 虽然Andy并没“到此一游过”，3人代表了3种对“希望”的态度，Ned成为了Brook和Andy的平衡点，大多数人都是Ned一样的普通人，对希望既有绝望的时候，又有绝地逢生的时候。"
0,1292052,肖申克的救赎,4,1,谁也不会否认本片的优秀，可我就是认为本片是最名过其实的电影之一
0,1292052,肖申克的救赎,5,0,"""Keep busy living ,or get busy dying.""  !!!"
0,1292052,肖申克的救赎,5,0,他有一种闲庭信步的优雅，无论他身居何处。那是一种自我的信念，让所有外界添加的一切变得微不足道。
0,1292052,肖申克的救赎,5,0,没想到是斯蒂芬·金的片子！
0,1292052,肖申克的救赎,4,0,“Fear can hold you prisoner，hope can set you free。”
0,1292052,肖申克的救赎,5,23,看的时候其实还小，你说看出啥内涵的东西真的没有，但是看的时候很爽就给个五星吧，我就是如此肤浅！
0,1292052,肖申克的救赎,1,5,肖申克的救赎火的奇怪，就像曼德拉的死亡一样，莫名其妙就火了。这电影糟糕的就像汤姆大叔的小屋，充满了刻意，飘中曾经以南方人的口吻讽刺这本“著作”。肖申克的救赎，救赎，redemption，redemption，有没有点某“闪人”宗教意味？
0,1292052,肖申克的救赎,5,0,当时 是和我爸 我弟一起看的 直看到半夜 被震撼了好久好久~
0,1292052,肖申克的救赎,5,0,1。知识就是力量2。电影名字让我这么多年都提不起兴趣看。。。
0,1292052,肖申克的救赎,5,1,本人最爱的电影，注意，是最，没有之一。至少看过5遍，看着画面我几乎能背台词。每当失望、绝望、想放弃、觉得自己很苦逼很悲催的时候，我总会想到这部电影，也总会想到安迪，于是又重新振作起来。感谢这部电影，不知多少次伴我坦然面对一切的不顺。
0,1292052,肖申克的救赎,5,0,因为看了这部，觉得就没必要看《越狱》了。老觉得《越狱》肯定会让我失望的。
0,1292052,肖申克的救赎,5,0,这是对于“希望”与“勇气”的最好诠释。这个社会就是个Shawshank Prison，我们已经被驯化了，按时工作、生活、睡觉、听从指示…… 我们也无从知道这堵高墙外面是什么了。       每年看一次，每次都会有新的体会。
0,1292052,肖申克的救赎,5,0,很久很久以前看的 大概是03还是04年 非常喜欢 那时还没有越狱电视版 唯一想说的是由于电视版越狱的商业价值的成功 人们才把这部电影拿出台面来看让我非常失望 希望真正爱看电影的人好好享受这部作品 不要拿它和越狱比较
0,1292052,肖申克的救赎,5,0,"no matter what's wrong,happy ending..."
0,1292052,肖申克的救赎,5,6,很棒的片子，演员好，编剧好，没的说。
0,1291546,霸王别姬,5,37361,陈凯歌可以靠它吃两辈子饭了，现在看来江郎才尽也情有可原
0,1291546,霸王别姬,5,24815,他竟当面一语点破：虞姬是真虞姬，霸王是假霸王。
0,1291546,霸王别姬,5,16896,就凭这个，我愿意原谅陈凯歌一切的烂片 你只要伟大过一次就可以了 就凭这个 哥哥你是我心中永远不朽的传奇 你是全世界最大的角儿
0,1291546,霸王别姬,5,15706,"不解,拍出过霸王别姬的人怎能拍出无极来"
0,1291546,霸王别姬,5,11399,这真的不是电影，而是人生。如此真实深刻地反映了从抗战前夕至文革的那段历史时期下命运凄惨的人们，渗透在每一个细节，包括那个不能忍受戏班虐打的孩子，而文革中六亲不认，人格扭曲更是展现到了极致。当然最赞的是哥哥的表演，如此悲哀可怜的蝶衣让人心痛，不疯魔不成活，人戏不分，现实的他也是如此
0,1291546,霸王别姬,5,9206,仨小时的电影，我没上一次厕所，一直专注的在看，除了牛逼我想不出其他的词儿了。直男对于gay来说终究是祸害，他们不敢爱，面对自己的感情畏畏缩缩，伤了别人还假惺惺。每个人都演的很好，蒋雯丽虽然出场不到半小时，也是把角色诠释的淋漓尽致。这真是陈导的巅峰之作了。
0,1291546,霸王别姬,5,15849,最优秀的中国电影
0,1291546,霸王别姬,4,32206,在野路子出身的张国荣面前，学院出身的张丰毅显得那么单薄
0,1291546,霸王别姬,5,10758,君王意气尽 贱妾何聊生
0,1291546,霸王别姬,5,5179,往事不要再提，人生已多风雨。纵然记忆抹不去，爱与恨都还在心里。真的要断了过去，让明天好好继续，你就不必再苦苦追问他的消息。爱情他是个难题，让人目眩神迷，忘了痛或许可以，忘了你却太不容易。我对你仍有爱意我对自己无能为力。
0,1291546,霸王别姬,5,8780,人戏不分，不疯魔不成活。
0,1291546,霸王别姬,5,5108,"蝶衣于台上贵妃醉酒，头顶忽撒下无数抗日传单。灯骤灭，台下喧哗。没有人再顾及台上的贵妃。唯有蝶衣，继续着未尽的绝美舞步丝毫未曾停滞。一片混乱之中，也唯有四爷，独自于楼上包厢继续丝毫未曾分神。看到这里感动的一塌糊涂。结尾处“我本是男儿郎,又不是女娇娥”真的落泪了。纯粹坚持的2人去了"
0,1291546,霸王别姬,5,5162,我記得我標記過這部片子的啊！——我以為這是國產電影的開始，誰知道是結束。
0,1291546,霸王别姬,5,6653,你凝视你的脸，几亿人在爱恋。
0,1291546,霸王别姬,5,6913,菊仙是个好女人
0,1291546,霸王别姬,4,3713,被“历史”绑架了的两个小人物……《活着》和《霸王别姬》不是中国电影的起点，而是终点……
0,1291546,霸王别姬,5,4002,城头变幻大王旗，一个《霸王别姬》，一个《活着》，道尽中国现当代史，百年内无可超越。
0,1291546,霸王别姬,4,2793,不疯魔，不成活
0,1291546,霸王别姬,5,2757,往事不要再提，人生已多风雨。他是霸王，你是虞姬，“我本是男儿郎，又不是女娇娥”，万丈红尘蹉跌走过半世纪。寥落繁华不由己，十万春花如梦里。剑还给你，命也还给你。“君王意气尽，贱妾何聊生？”陪你唱罢这出、我便离去...
0,1291546,霸王别姬,5,4159,凱歌也曾NB過，那時風華絕代的張國榮也還那麼年輕……
0,1291546,霸王别姬,5,452,观众与其说是被悲欢离合的故事本身打动，不如说是被故事背后那段国人集体回忆的历史所打动。没有那跌宕起伏的历史背景，衬托不出人性的真实，也构成不了凄美的故事。家国情怀是陈凯歌骨子里的使命感。单纯的儿女情长他做不来。【电博】20081129，第3次。【讲堂】1211，第4次，大陆版，无字幕无主题曲。
0,1291546,霸王别姬,5,198,我以为现在已经很难看完一部三小时的电影了，原来并不是，只是现在的电影不值得而已。这样一部快30年前的文艺片，近三个小时全程看下来一点不觉得无聊，不愧为经典。由于是在B站观看的，观影时可以打开弹幕，感触就更深了，现在的人们一边骂着小四，一边又做着和小四无异的事情。高喊着口号，人均“五十万”，“拜登经费”，“退国籍250”……甚至wen'ge都可以洗了。也不明白他们是怎么做到这么割裂，怎么说服得了自己的。也许这就代表，wen'ge确实做得非常成功。而且他们以为自己拜的是劳动人民？不过是新的袁四爷罢了。只是感叹，1993年就能诞生这种作品的这片土地，今后再也不会有这样的作品出现，人们不再需要戏曲，也不再需要文艺。听戏的大人们正襟危坐，并不在乎戏曲的故事讲到了哪里，只要最后可以给他们一个舞台唱赞歌就行了。无奈且悲哀。
0,1291546,霸王别姬,5,641,这一部，给五星是不够的，但我不敢再看一遍了。
0,1291546,霸王别姬,5,1110,既是经典，何须多言。
0,1291546,霸王别姬,5,252,“当他还是一个孩子的时候，他的京剧师傅们对他进行无情的毒打、洗脑，逼迫他承认自己具有女性性格，而实际上他没有。如果他有的话，师傅们也不用毒打他了。所以，由于被迫生活在一个谎言之中，他痛恨所有的谎言，无论是个人的还是政治的。从那一点开始，故事中的所有冲突都起源于他说真话的欲望。”—罗伯特麦基
0,1291546,霸王别姬,5,292,1.前任3、后来的我们，1年见好几部2.湄公河行动、唐人街探案，1年见一部3.复仇者联盟、侏罗纪世界，2年见一部4.我不是药神、摔跤吧爸爸，5年见一部5.美丽人生、活着，10年见一部6.泰坦尼克号、大话西游，15年见一部7.霸王别姬，50年见一部
0,1291546,霸王别姬,5,391,最好的华语片，最好的张国荣。
0,1291546,霸王别姬,5,519,小说原著是典型的李碧华，恩怨情仇，锋芒锐利。但改编成电影之后变得厚重沧桑。现在想来，除了备受赞誉的主角团之外，葛优塑造的戏霸真是太有性格了。
0,1291546,霸王别姬,5,311,在结尾指向性极强的背景乐中主题昭然若揭——是谁毁了戏，是谁毁了中国精妙绝伦的古典文化。同时很讶异这片子没被封禁。
0,1291546,霸王别姬,5,293,在程蝶衣说出我也揭发，揭发这良辰美景美景奈何天的时候，我哇哇大哭，这部电影最震撼我的不是不疯魔不成活不是唱一辈子戏，而是时代的悲剧洪流下，我们无所幸免的人生，艺术的信仰者被迫成为了艺术的出卖者，在那个悲剧的时代，他连为艺术殉道的自由都没有。
0,1291546,霸王别姬,5,370,听说葛优比张国荣小一岁。。
0,1291546,霸王别姬,5,309,2002年初冬的烟台，一个人看完了一个故事。似乎一转头的功夫，就已经成熟。很痛的东西在一个血腥的年代凝固，找不出更合适的话来抒发酸楚。
0,1291546,霸王别姬,5,611,不到园内，怎知春色如许
0,1291546,霸王别姬,4,81,一部经典之作，哥哥的扮相让人惊艳，对于艺术的追求让人印象深刻。虞姬就是程蝶衣，程蝶衣就是虞姬。
0,1291546,霸王别姬,5,124,虞姬是真虞姬，霸王是假霸王。不忍心看第二遍。说好的一辈子，少一年，一个月，一天，一个时辰，都不算是一辈子。
0,1291546,霸王别姬,5,594,我的最爱！我的最爱！
0,1291546,霸王别姬,5,429,五分。一腔一调，一画一景，一颦一笑，两个角，四个时代，半个世纪。演员演技不用说了，哥哥每次都是和人物水乳交融，已经分不清是张国荣还是程蝶衣。导演牛，中国电影的巅峰
0,1291546,霸王别姬,5,112,陈凯歌导演最好的作品，反复看，现在的陈导还能有这么好的作品再现吗，无极和妖猫去看了，差距有点。希望陈导下一部作品能重现当年风采。
0,1291546,霸王别姬,4,79,这部剧让我见识到了哥哥的演技！不愧是一代风华人物，说了是一辈子，少一天一分一秒都不是一辈子！👍真的很酷，要是现在还活着，该多好
0,1291546,霸王别姬,5,301,不愧是陈凯歌导演的经典之作，蒋雯丽出场不过几分钟，却是我对她记忆最深的一部作品，眼波流转道出了那个年代风尘女子的心酸与无奈。
0,1291546,霸王别姬,5,220,陈导拍完这片真该激流勇退，给自己留个美誉告别影坛，金盆洗手永不再碰胶片
0,1291546,霸王别姬,5,140,那个一辈子活在戏中的人，就这样恍惚了一生。华语电影的杰作。
0,1291546,霸王别姬,5,172,我觉得这部电影很震撼是因为蝶衣有的时候的心思和举动会让我觉得很不舒服，还有一些很尴尬的处境，看着胸闷。可能是习惯了主角就是心地善良大好人的路线。但是这样反倒更真实，就像自己生活当中有时也会对某些人使坏，有时也会碰到一些让自己失态得很夸张的事。很少碰到让我反应这么大的电影。
0,1291546,霸王别姬,5,147,一直以为霸王别姬是一部讲述同性爱与分别的故事，没想到却是关于时代洪流与背叛的悲歌。
0,1291546,霸王别姬,5,70,“说好了一辈子，少一年、一天、一个时辰，都不是一辈子。”虞姬是真虞姬，霸王是假霸王。哥哥最经典的电影之一，人生如戏，戏如人生。
0,1291546,霸王别姬,5,174,怎么看，都是泪流满面。人生就是一出戏……怎奈何，霸王别姬
0,1291546,霸王别姬,5,228,今天真想你啊，张国荣先生。看到了一个娱乐圈文，里面的男主被作者形容为风华绝代，我就在想，风华绝代的你，是不是正在另一个世界琢磨着电影，打磨着好歌呢？
0,1291546,霸王别姬,5,96,虞姬是真虞姬，霸王是假霸王
0,1291546,霸王别姬,5,83,一部电影可以让观众感受到“戏如人生”足以证明这部电影的经典。不是张国荣的粉丝，但是张国荣绝对是这部戏的灵魂。通过一部戏认识一个人👍
0,1291546,霸王别姬,5,244,可怜蝶衣似荼蘼。
0,1291546,霸王别姬,5,364,我非常非常喜欢的一部电影
0,1291546,霸王别姬,5,106,重看。给巩俐加戏是对的，她演得最好。袁二爷对程蝶衣是真爱。嫖客群惊现黄磊。结尾吴大维演了个红卫兵，后来他又在《鬼子来了》结尾演了个国军军官。
0,1291546,霸王别姬,5,65,一部电影，一份感情，一段史诗，解刨人性，感悟自我！
0,1291546,霸王别姬,4,345,张丰毅，张国荣和巩俐的表演都很吸引，印象最深刻是巩俐被游街时脸上那种失落又仿佛看透一切，毫不在乎的表情，深深震撼了我。
0,1291546,霸王别姬,2,233,好吧我实在不喜欢。
0,1291546,霸王别姬,5,79,读了原著，又看了电影，一出霸王别姬，多少儿女情长啊。
0,1291546,霸王别姬,4,81,一部经典之作，哥哥的扮相让人惊艳，对于艺术的追求让人印象深刻。虞姬就是程蝶衣，程蝶衣就是虞姬。
0,1291546,霸王别姬,5,62,终于明白了世人为何都爱张国荣。哥哥赋予角色永恒的生命，这才是真的风华绝代。我想虞姬即使自刎于剑下，那一刻，她亦是幸福的，对望的眸中，她看到生死相许的来世。所以无怨，也无迟疑。
0,1291546,霸王别姬,5,69,文化大革命来了，一切真的都颠覆了？革文化的命，对文化进行批判，打破固有的一切文化。或许如果这只在学术界进行，只是行而上的批判是好的，可是当权力掌握在了不成熟的头脑发热的人的手中，也许就变味了。没有了文化，没有了标准，没有了历史，每个人都可以是他想是的了，最终，也就什么都不是了
0,1291546,霸王别姬,5,102,袁四爷后，最懂蝶衣的大概是菊仙了吧。两个深爱段小楼的人，只能把一切不幸和错误归咎于对方，舍不得怪那段小楼一分一毫……
0,1291546,霸王别姬,5,60,既是经典，无需多言。讲述了历史，立住了人物。
0,1291546,霸王别姬,4,79,这部剧让我见识到了哥哥的演技！不愧是一代风华人物，说了是一辈子，少一天一分一秒都不是一辈子！👍真的很酷，要是现在还活着，该多好
0,1291546,霸王别姬,5,271,感谢原著，感谢向陈凯歌推荐改编成电影的人，这就是陈凯歌几十年来的巅峰了。谁说程蝶衣是真虞姬，程蝶衣明明就是真霸王。都说段小楼是蝶衣的霸王，霸王明明就是蝶衣心中师兄的样子啊。
0,1291546,霸王别姬,5,175,师傅说，人总得自个儿成全自个儿。可是，回首这一生，他就从来没有成全过自己。无论过去多少年，经历多少变迁，他还是那个哼唱着我本是男儿郎的小豆子，站在热闹的街头，看到冰糖葫芦依旧会恍惚一瞬。霸王别姬，真虞姬，假霸王。蝶衣蝶衣，世间再无程蝶衣。
0,1291546,霸王别姬,5,80,永远的哥哥，永远的张国荣
0,1291546,霸王别姬,5,57,风华绝代。我本是男儿郎，又不是女娇娥。
0,1291546,霸王别姬,5,351,没有道理不喜欢的.
0,1291546,霸王别姬,5,309,剧中的程蝶衣分不清戏和人生，现实中的哥哥何尝不是这样。哥哥的死让人悲伤，但生活中总有这样的人，他们因为太爱一个事物导致到最后忘记了自我，这样的人在我们开来是痛苦的是不值得的，但至少在他们心里自己是快乐的。霸王别姬，我最爱的电影之一
0,1291546,霸王别姬,5,41,【豆瓣第1700部】虽对张国荣无感，但必须承认电影是神作。淋漓尽致地展现了角色在时代变迁与政治事件的漩涡中的挣扎。除了叙事推进较生硬刻意外几乎完美。各主演和配角的表演都非常努力出色。尊龙和张国荣都以非科班的出身演绎了妩媚的男同戏子与完美的《贵妃醉酒》/20171106台北金馬影展
0,1291546,霸王别姬,5,130,说的是一辈子！差一年，一个月，一天，一个时辰，都不算一辈子！
0,1291546,霸王别姬,5,289,惊艳 哥哥真的是一举手一投足都是满满的风情 当初看完的时候 哭了 心里很压抑 有对那个特殊年代的憎厌 却又无能无力 拍的很精致 看过为数不多的国产好电影之一
0,1291546,霸王别姬,5,308,张国荣，一代传奇，是一个不可多得的演员，一个天生的演员！他把程蝶衣演绎的让观众随他喜而高兴，随他怒而伤心！真正的把角色与自己融为一体，让人看的欲罢不能！
0,1291546,霸王别姬,5,45,都说人生如戏，而真正在活戏里的那个人却在结束生命前才回到了人生，＂我本是男儿郎，又不是女娇娥＂少了最后那几分钟，等于少了一辈子，风华绝代的不仅仅是程蝶衣，还有张国荣，拍出霸王别姬的陈凯歌，以及真正的中国电影
0,1291546,霸王别姬,5,91,借了戏子的眼，看了近代的人，与其说是情情爱爱，不如说是对这段飘摇百年史的审判。也难怪近年的电影无出其右，陈导赶上了好时候，这台词放现在能砍十回头。
0,1291546,霸王别姬,5,54,每看一次，每次都久久无法自己，惋惜哥哥的大好人生。
0,1291546,霸王别姬,5,88,我特别喜欢菊仙。巩俐特别好看，真的漂亮。菊仙是个有胆色但是又慈爱的凌厉女子。拿着宝剑救蝶衣，蝶衣犯病时抱着他和最后从火堆里捡宝剑。她有些思想可能被旧时代禁锢着，但是她真的好勇敢，也很善良。在她崩溃之际还护着蝶衣的心，护着蝶衣与师哥的维系。她很好。这部电影另外一个惊叹的地方是时代特征的描写，铺天盖地，汹涌而来，简直是我印象中大胆不过的描写。汹涌的红卫兵队伍和迎接军队的戏园，难以忘怀。最后，通过影评，我发现了我一个理解错误（军队进戏园），以及原来真正让人惊讶的电影是在“三流小说”的基础上开出花来。2h44min，我没有觉得煎熬与漫长，在最近的观影经历里挺难得的。
0,1291546,霸王别姬,5,57,半世浮萍随逝水，一宵冷雨葬名花。每一秒钟汗毛都是倒竖的。第一流的作品总是很难评论，因为它面面俱到的优秀，很难理出一条线来。口音，场景，打光，背景音，过场人物如张公公，老师父，青木，配角如袁四爷，经理，小四，还有最众星捧月的三大主角全都优秀。这不能写影评，只能写论文了。
0,1291546,霸王别姬,5,37,我本是男儿身，又不是女娇娥！哥哥张国荣真的将程蝶衣这个角色演活了！为哥哥打Call！愿天堂没有悲伤
0,1291546,霸王别姬,5,95,今天又看一遍，感觉今日全国都是小四
0,1291546,霸王别姬,5,54,一出霸王别姬始，一出霸王别姬终。不同于大家把关注大部分放在程蝶衣身上，最令我动容的表演是批斗戏份时大家的表演
0,1291546,霸王别姬,5,91,借了戏子的眼，看了近代的人，与其说是情情爱爱，不如说是对这段飘摇百年史的审判。也难怪近年的电影无出其右，陈导赶上了好时候，这台词放现在能砍十回头。
0,1291546,霸王别姬,5,54,每看一次，每次都久久无法自己，惋惜哥哥的大好人生。
0,1291546,霸王别姬,5,88,我特别喜欢菊仙。巩俐特别好看，真的漂亮。菊仙是个有胆色但是又慈爱的凌厉女子。拿着宝剑救蝶衣，蝶衣犯病时抱着他和最后从火堆里捡宝剑。她有些思想可能被旧时代禁锢着，但是她真的好勇敢，也很善良。在她崩溃之际还护着蝶衣的心，护着蝶衣与师哥的维系。她很好。这部电影另外一个惊叹的地方是时代特征的描写，铺天盖地，汹涌而来，简直是我印象中大胆不过的描写。汹涌的红卫兵队伍和迎接军队的戏园，难以忘怀。最后，通过影评，我发现了我一个理解错误（军队进戏园），以及原来真正让人惊讶的电影是在“三流小说”的基础上开出花来。2h44min，我没有觉得煎熬与漫长，在最近的观影经历里挺难得的。
0,1291546,霸王别姬,5,57,半世浮萍随逝水，一宵冷雨葬名花。每一秒钟汗毛都是倒竖的。第一流的作品总是很难评论，因为它面面俱到的优秀，很难理出一条线来。口音，场景，打光，背景音，过场人物如张公公，老师父，青木，配角如袁四爷，经理，小四，还有最众星捧月的三大主角全都优秀。这不能写影评，只能写论文了。
0,1291546,霸王别姬,5,37,我本是男儿身，又不是女娇娥！哥哥张国荣真的将程蝶衣这个角色演活了！为哥哥打Call！愿天堂没有悲伤
0,1291546,霸王别姬,5,95,今天又看一遍，感觉今日全国都是小四
0,1291546,霸王别姬,4,28,角色与现实，这是两个世界，但并不是能完全分隔的，因戏生情的很多，张国荣敢于接受和挑战这个角色，也是他内心认同这个角色的原因。
0,1291546,霸王别姬,5,54,一出霸王别姬始，一出霸王别姬终。不同于大家把关注大部分放在程蝶衣身上，最令我动容的表演是批斗戏份时大家的表演
0,1291546,霸王别姬,5,84,又有谁料得到多年后有个叫毕福剑的也因为唱戏倒了大霉。我看着京剧这个传统艺术在时代的洪流中浮浮沉沉，叹一句人不能活得太认真。“旗人懂戏，日本人懂戏，军阀懂戏，可“劳动人民”来了，就他妈的不让唱了。我操你大爷！”←笑尿 另外这电影让我想到《活着》和投河的老舍。唉，多说无益。
0,1291546,霸王别姬,5,102,都说婊子无情，戏子无义，可这部电影里不管是菊仙还是蝶衣都是有情有义之人，显然作者是不认同这句话的，这一直不觉得这是一部同性恋电影，因为蝶衣一直活在戏里，并没有把自己当男的，不疯魔不成活，我本是女娇娥，又不是男儿郎片中反复出现，他把自己的一生都奉献给京剧，和他的感情
0,1291546,霸王别姬,5,46,这种佳作，一生能有一部也值了。陈导厉害👍真虞姬与假霸王的故事令人唏嘘，张国荣的表演让人跪服。
0,1291546,霸王别姬,5,44,一辈子只唱一段京戏，只扮演一个角色。陈凯歌的颠覆之作。
0,1291546,霸王别姬,5,30,这部戏我从头哭到尾，那么难那么苦的时候都过来了，程蝶衣我到最后都只记得你叫程蝶衣，你，冤不冤？！
0,1291546,霸王别姬,5,36,历史的文化底蕴 任谁千百年来你也跨越不了的距离。即使站在风口浪尖他也是一个堂堂正正的英雄
0,1291546,霸王别姬,5,89,2021.10.30 17:37 时代进步了，思想开放了，技术成熟了，但好像再没看过敢拍这种题材的电影了。也明白了，他为何一直被称为终点。
0,1291546,霸王别姬,3,55,印象最深的是他们欺负程蝶衣那段，太心疼了
0,1291546,霸王别姬,5,83,什么叫开倒车？看看1992年的这部电影，再看看当下的环境，一声叹息。。。
0,1291546,霸王别姬,[NULL],53,“拍《霸王别姬》和《活着》的时候，我很是高兴，觉得我们终于起步了，可是我没想到，那就是我们的终点。”——芦苇
0,1291546,霸王别姬,5,181,感觉很讽刺，我看这部片子是在他自杀天的前不久，之前看过他的风月，红色恋人，都感觉很不喜欢这个人。霸王别姬让我第一次为一个男人感到惊艳和迷恋，所以愚人节那天的消息传来时我是懵的，愣了好久，心里梗了好久，几年之后才慢慢放下。
0,1291546,霸王别姬,5,88,戏梦人生，陈凯歌是个知识分子，只是他的电影也许会被永远囚禁在关于压抑的语境中，千百年来的中国社会，人都如棋子一般，这是第五代植根的土壤，却也永远将他们局限在那片黄土地上，当电影中的角色逐渐脱离符号化，陈开始逐渐暴露其电影语言的贫瘠
0,1291546,霸王别姬,2,41,觉得这个电影很暴力很恐怖，一点趣味都么有。不知道为什么那么多人觉得好看！Ps:星是给巩俐的。
0,1291546,霸王别姬,5,46,永远的经典，永远的哥哥，值得一辈子怀念。
0,1291546,霸王别姬,5,46,不愧是华语最佳影片，二十年后依然打动人心。
0,1291546,霸王别姬,5,32,本是男儿身，又不是女娇娥。To 程蝶衣，To Leslie Cheung
0,1291546,霸王别姬,5,47,想说的话很多，读了几篇影评后发现人家都说完了，葛优演的实在好，哥哥更是风华绝代，把巩俐硬A成个村姑，至于感情，至于文革，吾不言，吾不言
0,1291546,霸王别姬,5,56,又重看了一遍，史诗般的作品
0,1291546,霸王别姬,5,139,陈凯歌的巅峰，有人说此片不是他拍的，野史存疑，看过他的搜索也不错。鉴于那个年代香港方面主动找他拍李碧华的小说，男主大牌随便选，相信那时的陈凯歌是有这个实力的。片子很悲凉。看过几遍，但是剧情忘记较多。杀伤力大，心情郁闷的不要看，会更难受的。
0,1291546,霸王别姬,5,116,我本是男儿郎的执着 到我本是女娇娥的不悔 蝶衣用一生去演虞姬 成为虞姬 为霸王生 为霸王死 可是小楼到底不是霸王 只想 再看看那一出霸王别姬
0,1291546,霸王别姬,[NULL],51,那个西塘的夜晚你陪我通宵看电影
0,1291546,霸王别姬,5,39,一代经典，反复看了好多遍，心中的经典！
0,1291546,霸王别姬,5,37,你是真虞姬我是假霸王 蝶衣最后倒在舞台上是他的解脱。哥哥已经离开我们15年了 这部片不管看多少遍依然怀念他！
0,1291546,霸王别姬,3,48,夸奖霸王别姬多么多么好已经成了审美正确。可是我偏偏不喜欢。每次看完都好像吞了一只在肚里密密麻麻地爬行的蟑螂，极差的观影体验。艺术水平和观影体验两者相较，我选后者。
0,1291546,霸王别姬,5,31,重看，泪流满面。陈凯歌构筑起的是一个完美的属于戏的电影世界，用极其精湛、经得起拆解的视听语言，去托举故事以及表演，没有一丝一毫差池。每一句台词都有弦外之音，每一个眼神、动作又包含了千言万语。那么含蓄、得体又直言不讳地触碰中华文化中最糟粕也最精华的东西，在跌宕起伏的历史里讲述一种惊心动魄的人生。每当看到哥哥那张风华绝代的脸，那张决绝地把自己完全托付给一个事物的脸，我就想：原来人可以是那样活着的，注定活成一个悲剧，一个传奇，接受万人景仰。那不是幸福的一生，却也是无从选择的一生。个体无法与时代抗衡，所以他没有悔恨，只是这样度过一辈子。少一年、一天、一个时辰，都不是一辈子。
0,1291546,霸王别姬,5,47,陈凯歌创造的中国电影巅峰之作！加冕嘎纳金棕榈大奖，迄今为止最好的中国内地电影
0,1291546,霸王别姬,5,43,时代压不垮四爷唯我独尊的气度，岁月改不了菊仙江湖女儿的豪情。风华绝代座无虚席独爱凤冠霞帔，空无一人拔剑自刎自己成全自己。英雄看忠不看勇，美人在骨不在皮。任台上风云变换，任台下斗转星移。听戏的人早已离开，唱戏的人还在梦里。当硝烟散去，谁还在乎段小楼是不是假霸王，程蝶衣是不是真虞姬。
0,1291546,霸王别姬,4,33,觉得剧本写的很好！对于小楼最后为什么出卖蝶衣，小四报复，蝶衣讨厌菊仙都有铺垫。就拿蝶衣讨厌菊仙来说，不仅是因为菊仙抢走了小楼，破坏了他和小楼的感情，还因为菊仙是个妓女。因为蝶衣自小因为她母亲是妓女的缘故，就受到了许多人冷眼与欺压。
0,1291546,霸王别姬,5,20,一个霸王两个姬，用岁月唱满这一出《霸王别姬》。程蝶衣终未卸胭脂，湿泪含在浓妆里，唱尽一个世代，唱尽沧桑，唱至蝶羽凋零，拔刀自刎，始终如一。真真正正的出神入化，人戏合一，不疯魔不成活。程蝶衣与张国荣皆是，戏台谢幕，灯火扑灭，昔日过往依然历历在目却只留得一声叹息。既是史诗，又是传奇。
0,1291546,霸王别姬,5,24,这或是陈凯歌一生最好的导演作品，电影以京戏为媒介，将中国上世纪的那人那事以最为鲜活的影像予以了呈现，时代的变迁与小人物的宿命，每一个镜头细节的刻画都几近完美，张国荣饰演的程蝶衣电影中是“不疯魔不成活”的戏痴名角，亦然也是做到了本色出演，这本就是一部“不疯魔不成活”的电影。
0,1291546,霸王别姬,4,46,不疯魔不成活，张国荣的演技真的好啊！！！
0,1291546,霸王别姬,5,25,说好的一辈子，少一天，一分钟，一秒，都不算。现实之所以残酷，也许就是我入了戏，尽全身心去投入了，转眼得到的却是你的背叛。我本男儿身，不是女娇娥，蝶衣最后应该是懂了吧，自己终究不是虞姬
0,1291546,霸王别姬,5,36,心里像是丢了一只没长大的小刺猬…弱弱的刺…扎的痒痒的…还有点疼
0,1291546,霸王别姬,5,22,不行，说的是一辈子！差一年，一个月，一天，一个时辰，都不算一辈子！看完电影这句话深深印在脑海里，感到莫名的悲凉。
0,1291546,霸王别姬,5,65,【X】华语片的巅峰。风华绝代，癫狂、迷乱和奇情，既有京剧戏曲之美，也有那真实的、残酷的历史之痛与人情之悲。视听设计、摄影、剧本、表演，全方位的优秀
0,1291546,霸王别姬,5,33,永远的程蝶衣，永远的哥哥张国荣，演的太好了，经典就是百看不厌的！
0,1291546,霸王别姬,5,170,故事，人物都很真实。顺序拍摄，先学戏几个月，不露脸的戏也不会用替身，这些对现在来说几乎是不可能发生的。明星当时已成为百万片酬张国荣的标签，但他用行动证明他是一个演员。
0,1291546,霸王别姬,5,156,风华绝代的虞姬，敢爱敢恨的菊仙。我看的时候确实纠结了很久应该选择哪一个。
0,1291546,霸王别姬,4,14,“就让我跟你好好唱一辈子戏，一辈子，就是一辈子，差一年，一个月，一天，一个时都不算一辈子”
0,1291546,霸王别姬,5,52,太好看了
0,1291546,霸王别姬,5,173,从小被迫改变性向的虞姬，只记得他含冤悲戚，无望的双眼，可悲可叹的真虞姬与假霸王
0,1291546,霸王别姬,4,39,也许程蝶衣以自刎结局才是最好的结局吧，这是真虞姬
0,1291546,霸王别姬,5,35,怕被ibo打一星，我赶紧来给个五星。经典就是值得品味。看过好几遍，上学时老师在教室放过这部电影。真的每次看都会陷入不同程度的难过。
0,1291546,霸王别姬,3,27,不太喜欢程蝶衣被段小楼用烟斗在嘴里一通乱捣就完成了性别认识的转换从“我本是男儿郎，又不是女娇娥”过渡到了“我本是女娇娥，又不是男儿郎”这样的设定，太生硬太刻意了。程蝶衣长大后对京剧艺术的疯魔是很显然的了，然而这种疯狂的爱是从何而来的呢？结合他的童年经历，我并没有看到。最令我印象深刻的两个人是袁四爷和菊仙，感动于他们对艺术和人性的坚持。翻了一下评论基本上是清一色的五星……一千个读者就有一千个哈姆雷特吧。欢迎吐槽。
0,1291546,霸王别姬,5,22,心目中的国产最佳，可惜以后怕是再也拍不出来了
0,1291546,霸王别姬,5,28,事实上，在影片《霸王别姬》的故事中，这段真切清晰的现当代中国编年史的句段，只是酷烈跌宕的悲剧人生得以出演的一幅景片，它不复意味着对某种权力话语的消解或重建，而只是戏梦人生间的一个不甚了了的索引，只是结构人物间恩怨情仇的一个借口般的指涉。这段对陈凯歌及其同代人有着切肤之痛的现当代中国历史，在影片中只是景片般地映衬出一个绝望的“三角恋爱”——经典的情节剧的出演。每一个可以真切指认、负载中国人太过沉重的记忆的历史时刻，都仅仅作为一种背景放映，为人物间的真情流露与情感讹诈提供了契机与舞台，为人物的断肠之时添加了乱世的悲凉与宿命的苦涩。——戴锦华《电影批评》 。
0,1291546,霸王别姬,5,23,"“我们回不去了”怀念张国荣的日子，翻出了他的电影。很神奇，张国荣一个岭南人，在演《霸王别姬》的时候，把北方男人的坚忍和颓废气息都带出来了。到了《夜半歌声》，他又浑身是江南世家子弟的潜幽，和第一代留学生的热烈。其他的电影更不待说，每一刻都在重生。在电影王国里，他永远坐在殿堂最高处。————————20201126，第二次看。"
0,1291546,霸王别姬,5,23,太经典，哥哥在里面各种扮相都太经典，拷问了人性，有时候感情比不过活着
0,1291546,霸王别姬,2,24,三小时，太长了。而且比较沉闷。营造压抑气氛比较失败。巨鲜是个好女人。比较印象深刻的事巩俐的表演。张丰毅的确一般般。程蝶衣活得太辛苦了。接楼人性的一部电影。果然是每个人都有自己的命啊。做好新未必有好报。“同志”元素是个伪概念
0,1291546,霸王别姬,5,25,如今再看…依旧可以感受哥哥的程蝶衣那份独有的精彩…
0,1291546,霸王别姬,[NULL],59,"非常经典……"
0,1291546,霸王别姬,5,32,真.风华绝代！凯歌导演靠这个能吃两辈子的饭，经典的创作真非求而能得。
0,1291546,霸王别姬,3,24,浪得虚名。故事和历史的讲述都空洞没有灵魂。人物变成完全服务于“传奇”的木偶，一切都为了剧情的戏剧性和煽情，所谓的“悲剧性”只不过是某种意义的“情节曲折”，不令人信服、不能令人共情。令很多人感动的“人戏不分”我认为根本只是刻奇，程蝶衣为什么会不分？不分意味着什么？陈凯歌对自己人物的心理根本没有同情和理解，对同性恋的压抑也没有理解，这大观园一般令人眼花缭乱的剧情和人物只是魅俗感人的道具而已。戛纳冲着东方主义的奇情给颁了一座金棕榈，国人竟也没看出故事的空洞而跟着吹捧，真是后殖民崇洋媚外之典范了
0,1291546,霸王别姬,4,94,要想人前显贵，必定人后受罪。四个时代，有人随波逐流，有人拒绝改变。而当一切尘埃落定，程蝶衣依旧选择了拿着他曾经送给师哥的那把剑自杀：再见了师哥，愿来生你不是霸王，我不再是虞姬。“力拔山兮气盖世”愿历尽千帆，归来仍是少年。有人回不去了，有人从未改变。
0,1291546,霸王别姬,3,21,我记得以前看了不止一遍，每次都觉得，这片好在哪里啊，煽情？同性恋？还是人物演技浮夸？我十分讨厌陈凯歌这个人，但是我还是愿意看看这部高分电影，最后发现，哎，没啥意思。中国人尤其喜欢跟风吹，比赛，比谁的口活好。这片子我是不会再看了，别扭。
0,1291546,霸王别姬,5,34,不相信英雄，时代的沉浮中，个体的爱恨，其实都带着无能为力的悲伤。
0,1291546,霸王别姬,5,31,"不晓得为什么。。。看完之后最喜欢的角色居然是菊仙。。。这女人不容易啊。。。而且。。。段小楼应该对蝶衣应该是没有爱情的吧。。。。╮(￣▽￣"")╭ 。。。"
0,1291546,霸王别姬,5,28,跟原著相比改动很多，戏剧性极度浓缩增强，四儿和菊仙的戏份改动很多，结局也改了，如果很熟悉原著的话看电影会觉得太drama了有点难以接受。隐去了很多露骨的部分，大太监和袁四爷的戏份细节都有删改，关爷正好在北平解放那一天去世，戏剧性太强反而失真了。原著的时间跨度很长，这里很浓缩，我感觉节奏太快。菊仙的戏份多了很多，功能性增强，而且她给蝶衣擦小楼啐的口水，蝶衣戒大烟的时候哄他，这两个细节非常惊艳，把菊仙写出了立体的母性和善良。剧情最大的bug是蝶衣揭发菊仙是妓女，但是所有人都知道她是妓女，怎么能是他的揭发直接导致她被斗呢，这台词功能强，但是内容错了。因为我非常喜欢原著，四年级熬夜看的，在被窝里哇哇大哭，所以对电影很严格。即使这样我愿意给五星，我提出的缺点没有一样能影响这个评价。
0,1291546,霸王别姬,5,30,这部剧厉害了，哥哥的妩媚、那叫啥媚眼如丝，真的是绝佳之作！
0,1291546,霸王别姬,5,24,重看此片，又生出一些新的感慨。这就是所谓经典，任何时候拿出来重温，它非但能像以往那样再一次击中你，同时还会让每个不同阶段的你在观看的时候生出以前从未有过的感想。不疯魔不成戏，可以想象当时创作这部电影的人都是忘我投入的吧！这部剧至今为止都是我心目中中国电影最佳。
0,1291546,霸王别姬,5,27,五星给哥哥张国荣，给张丰毅，给巩俐，给陈凯歌导演，给片头客串的蒋雯丽。。。陈凯歌导演的巅峰之作，应该无法超越了。
0,1291546,霸王别姬,5,80,一个假霸王，两个真虞姬
0,1291546,霸王别姬,5,101,剧情的冲突，人物的冲突推动着故事的发展，以中国最深的文化底蕴京剧反映了当时的社会，这部剧之所以经典大概是因为无论何时看都能引人深思，最后说句哥哥演得真好😭
0,1291546,霸王别姬,5,21,“往事不要再提，人生已多风雨，纵然记忆抹不去，爱与恨都还在心里”，程蝶衣的爱纯粹而固执，也导致了他一生的悲剧……哥哥这个角色在我心里的烙印最深，一回眸一转身，一颦一笑，还有那种低眉泪目的脆弱无助，永远忘不了……他是永远的程蝶衣，是不可复制的经典！
0,1291546,霸王别姬,5,17,你妹，搞最後原來菊仙才是最decent那個，這諷刺我給滿分！ 看得太TM煎熬! (CR類型的都是大考驗，我覺得看這比看Holocaust的要難受多了，今年還是50週年。。。92，93的時候其實還挺寬鬆，現在根本不可能拍這種題材了吧。。。更讓人心寒。。
0,1291546,霸王别姬,5,59,国产巅峰
0,1291546,霸王别姬,4,22,我觉得程蝶衣这样的人在传统中国这样一个人际关系无比重要、人人都是政治动物的社会中根本不可能存在，现实中的文艺名家哪个不是人精？感觉传统日本比较可能养出这样的人。另外，程蝶衣不在十年动乱中自杀，却在粉碎四人帮、拨乱反正后的“尧天舜日”之下自杀，现在想想当时允许这样拍真不容易。
0,1291546,霸王别姬,5,19,还没上小学的时候就跟着大人看过了，虽然那时候不懂什么意思，但有些画面至今仍然记得。这就是经典吧！
0,1291546,霸王别姬,5,21,第一次看时就觉得压抑，很多年后第二次看，反倒觉得是悲凉更胜。虞姬别过霸王，霸王对着戏台唱出一声“来了”时，我心都要碎了。在烧毁一切牛鬼蛇神的大火前，跪在地上求饶的霸王，先是别过舞台上的虞姬，再是别过现实中的虞姬，成全了一根绳子和一把宝剑。人得自个成全自个，可世上的事哪那么多成全？
0,1291546,霸王别姬,4,29,说的是一辈子！
0,1291546,霸王别姬,5,23,我是假霸王，你才是真虞姬，竟是这样的一语成箴。
0,1291546,霸王别姬,5,23,段小楼是假霸王，虞姬是真虞姬
0,1291546,霸王别姬,5,24,你当今儿是小人做乱，祸从天降！不是，不对！是咱们自各儿一步一步，一步步走到这步田地来的！报应！我早就不是东西了！连你楚霸王都跪下来求饶了，那这京戏他能不亡嘛？他能不亡嘛？报应！报应！
0,1291546,霸王别姬,5,18,程蝶衣最后活成了虞姬，可段小楼却不再是那西楚霸王。蝶衣和小楼经历时代的起起落落，最后还是被文革打倒，覆灭。菊仙的结局令人唏嘘，蝶衣虽然死了，可他的一生活得值了
0,1291546,霸王别姬,4,22,真的是很好的电影 ，不愧是经典。
0,1291546,霸王别姬,5,30,陈凯歌能靠这部电影吹一辈子
0,1291546,霸王别姬,5,32,陈凯歌把一辈子的才华都倾注在这儿了，所以我原谅后来的无极。
0,1291546,霸王别姬,5,14,说好了是一辈子 差一年 一个月 一天 一点 一个时辰都不算是一辈子。
0,1291546,霸王别姬,5,28,我本是男儿郎，又不是女娇娥。
0,1291546,霸王别姬,4,25,旧社会把鬼变成人，新社会把人变成鬼。较有意思的是袁四这个角色，虽然总觉得葛优丑而且搞笑。袁四这种貌似各朝各代都吃得开，在法庭上指着法官鼻子怒斥“你污蔑国学”的人……落到土鳖革命造反派手里却只能一声不吭被game over，说明土鳖才是碾压一切的终。极。大。杀。器。啊。
0,1291546,霸王别姬,5,15,哥哥在戏里面举手投足一颦一笑皆是风情 经典就是经典 不会因为时间而褪色
0,1291546,霸王别姬,1,26,如果不是张国荣，这片会成为经典么？
0,1291546,霸王别姬,5,20,这部电影让我想起了《活着》《许三观卖血记》，貌似这类反映文化大革命题材的电影或者文学作品的评价都相对会高一些，哥哥真的很帅！
0,1291546,霸王别姬,5,134,最牛逼最好看的一部中国好电影。
0,1291546,霸王别姬,5,15,我心中的华语经典之作，想起当初看《霸王别姬》，哭了整整两包纸巾，那种痛彻灵魂的体悟，至今难忘。永远的程蝶衣，永远的张国荣，永远怀念哥哥！
0,1291546,霸王别姬,5,17,哥哥真是绝代芳华。故事很虐，却也很真实，心疼蝶衣。
0,1291546,霸王别姬,3,20,总是太入戏的姬，总是随时代呆笨转向的霸王。最后在尘埃中，在一切的缺憾下，终于演成了那一出
0,1291546,霸王别姬,5,43,终于明白了世人为何都爱张国荣。
0,1291546,霸王别姬,5,22,"还是哭了。程蝶衣，我是假霸王，你是真虞姬。你太美，段小楼不配。"
0,1291546,霸王别姬,5,23,程蝶衣完美诠释了“不疯魔不成活”。
0,1291546,霸王别姬,5,27,小尼姑年方二八，正青春被师父削去了头发。我本是男儿郎，又不是女娇娥~
0,1291546,霸王别姬,5,20,又在大银幕上看到了你一次，无愧于经典二字
0,1291546,霸王别姬,5,34,其实，张国荣先生真的是百年一遇的奇才，他的作品都是最棒的！致敬张国荣先生！
0,1291546,霸王别姬,5,11,不疯魔，不成活。                                 说好的一辈子，少一天，少一个时辰，都不是一辈子。                       程蝶衣真是绝色，虞姬是真虞姬，霸王却是个假霸王。
0,1291546,霸王别姬,4,13,感触是这班人解放前的生活真够腐朽没落，绝对需要被狠狠的涤荡一下灵魂。袁四爷被枪毙的时候，段小楼还十分不解，可见其与群众之脱离。就像程蝶衣说的，今天这步田地都是自己走出来的，怨不得别人。
0,1291546,霸王别姬,3,21,这么严肃的电影怎么选吴大维来演红卫兵呢？好恶趣味哦。陈凯歌这是学贝托鲁奇的末代皇帝啦。小豆子妈真的是蒋雯丽啊！蒋雯丽当年咋就这么美！！师傅说是人都听戏，不听戏的是畜生，老爷子果然有先见之明！
0,1291546,霸王别姬,5,34,没看过这辈子白活了
0,1291546,霸王别姬,4,13,有人问，你看过最多次的电影是什么，大概是人生的缩影，，人生如戏，戏如人生
0,1291546,霸王别姬,5,27,文革中六亲不认，人格扭曲更是展现到了极致。
0,1291546,霸王别姬,5,52,人生的逢场做戏哪比戏里少。最懂蝶衣的人其实是菊仙。
0,1291546,霸王别姬,5,25,程蝶衣眼神真是顾盼生辉。
0,1291546,霸王别姬,5,15,12年后再看《霸王别姬》。在大银幕前，看老旧胶片丝丝作响，怀念张国荣，也怀念某种值得讴歌的自由与尊严。那种疯魔的戏痴啊，终于也被折磨出崩溃境地，让这荒唐世道显得难堪如斯。这次看，觉得最真性情的，还得加一个菊仙，真是差点忘了她的好。
0,1291546,霸王别姬,4,12,终于从头到尾刷了一遍。电影本身简直是满分，陈凯歌大概真是拍这部片的时候把一辈子的艺术才华都透支了。然而作为相对还算熟悉京剧和近现代史的观众，实在觉得故事假到分分钟出戏，主要人物也喜欢不起来。顺便张国荣学戏是下了苦功，可惜还是生硬。真正让人惊艳的是少年小豆子，一查果然是正经科班。
0,1291546,霸王别姬,2,37,看了几遍都不喜欢
0,1291546,霸王别姬,5,20,目前为止我看过的最好的中国电影 没有之一 因为看介绍是同性类型的还一直迟迟不敢看怕接受不了 后来又听室友说和历史有关就看了 真的很赞 欠这部一篇长评 一定会写的 我最近实在是太懒了😝
0,1291546,霸王别姬,5,43,补标经典，莫名觉得哥哥和张风毅风格很搭。旧时代的戏班子好残酷啊，红色年代也好疯狂-_-#
0,1291546,霸王别姬,5,16,段小楼成全了程蝶衣一次，蝶衣却成全了小楼一辈子。小楼的不能坚持，不是因为菊仙，就算没菊仙，也还会有各种别的原因。真正的原因是他自己的不敢。怎么敢在凡人堆儿里回应蝶衣的期待……直到那泣不成声的质问，才暴露那份儿心底里的在乎。
0,1291546,霸王别姬,1,19,虽然我是gay，而且还看过不少G片，这部看得还比较早……可是我真的欣赏不来，get不到点啊！！！！“这出戏何至于唱到最后非要自杀”啊？！！！！最要命的是get不到哥哥的“美好”，雌雄莫辨的中性美我还是更青睐“林青霞”！
0,1291546,霸王别姬,4,12,永远的哥哥……不朽的纯洁又绝望的爱，虞姬是你，世上却早无霸王。愿所有真情都能善终……
0,1291546,霸王别姬,5,24,别的不用多说，就张国荣的音容笑貌我现在还记得一清二楚，那个眼神简直要把人魂勾走，太好看了，简直比巩俐还美，美人啊……
0,1291546,霸王别姬,4,24,哥哥以后再无虞姬。
0,1291546,霸王别姬,5,17,「一个个都他妈忠臣良将的摸样……敢情欺负的还是中国人。」
0,1291546,霸王别姬,5,34,其实，张国荣先生真的是百年一遇的奇才，他的作品都是最棒的！致敬张国荣先生！
0,1291546,霸王别姬,5,11,不疯魔，不成活。                                 说好的一辈子，少一天，少一个时辰，都不是一辈子。                       程蝶衣真是绝色，虞姬是真虞姬，霸王却是个假霸王。
0,1291546,霸王别姬,4,13,感触是这班人解放前的生活真够腐朽没落，绝对需要被狠狠的涤荡一下灵魂。袁四爷被枪毙的时候，段小楼还十分不解，可见其与群众之脱离。就像程蝶衣说的，今天这步田地都是自己走出来的，怨不得别人。
0,1291546,霸王别姬,3,21,这么严肃的电影怎么选吴大维来演红卫兵呢？好恶趣味哦。陈凯歌这是学贝托鲁奇的末代皇帝啦。小豆子妈真的是蒋雯丽啊！蒋雯丽当年咋就这么美！！师傅说是人都听戏，不听戏的是畜生，老爷子果然有先见之明！
0,1291546,霸王别姬,5,34,没看过这辈子白活了
0,1291546,霸王别姬,4,13,有人问，你看过最多次的电影是什么，大概是人生的缩影，，人生如戏，戏如人生
0,1291546,霸王别姬,5,27,文革中六亲不认，人格扭曲更是展现到了极致。
0,1291546,霸王别姬,5,52,人生的逢场做戏哪比戏里少。最懂蝶衣的人其实是菊仙。
0,1291546,霸王别姬,5,25,程蝶衣眼神真是顾盼生辉。
0,1291546,霸王别姬,5,15,12年后再看《霸王别姬》。在大银幕前，看老旧胶片丝丝作响，怀念张国荣，也怀念某种值得讴歌的自由与尊严。那种疯魔的戏痴啊，终于也被折磨出崩溃境地，让这荒唐世道显得难堪如斯。这次看，觉得最真性情的，还得加一个菊仙，真是差点忘了她的好。
0,1291546,霸王别姬,4,12,终于从头到尾刷了一遍。电影本身简直是满分，陈凯歌大概真是拍这部片的时候把一辈子的艺术才华都透支了。然而作为相对还算熟悉京剧和近现代史的观众，实在觉得故事假到分分钟出戏，主要人物也喜欢不起来。顺便张国荣学戏是下了苦功，可惜还是生硬。真正让人惊艳的是少年小豆子，一查果然是正经科班。
0,1291546,霸王别姬,2,37,看了几遍都不喜欢
0,1291546,霸王别姬,5,20,目前为止我看过的最好的中国电影 没有之一 因为看介绍是同性类型的还一直迟迟不敢看怕接受不了 后来又听室友说和历史有关就看了 真的很赞 欠这部一篇长评 一定会写的 我最近实在是太懒了😝
0,1291546,霸王别姬,5,43,补标经典，莫名觉得哥哥和张风毅风格很搭。旧时代的戏班子好残酷啊，红色年代也好疯狂-_-#
0,1291546,霸王别姬,5,16,段小楼成全了程蝶衣一次，蝶衣却成全了小楼一辈子。小楼的不能坚持，不是因为菊仙，就算没菊仙，也还会有各种别的原因。真正的原因是他自己的不敢。怎么敢在凡人堆儿里回应蝶衣的期待……直到那泣不成声的质问，才暴露那份儿心底里的在乎。
0,1291546,霸王别姬,1,19,虽然我是gay，而且还看过不少G片，这部看得还比较早……可是我真的欣赏不来，get不到点啊！！！！“这出戏何至于唱到最后非要自杀”啊？！！！！最要命的是get不到哥哥的“美好”，雌雄莫辨的中性美我还是更青睐“林青霞”！
0,1291546,霸王别姬,4,12,永远的哥哥……不朽的纯洁又绝望的爱，虞姬是你，世上却早无霸王。愿所有真情都能善终……
0,1291546,霸王别姬,5,24,别的不用多说，就张国荣的音容笑貌我现在还记得一清二楚，那个眼神简直要把人魂勾走，太好看了，简直比巩俐还美，美人啊……
0,1291546,霸王别姬,4,24,哥哥以后再无虞姬。
0,1291546,霸王别姬,5,17,「一个个都他妈忠臣良将的摸样……敢情欺负的还是中国人。」
0,1291546,霸王别姬,5,34,其实，张国荣先生真的是百年一遇的奇才，他的作品都是最棒的！致敬张国荣先生！
0,1291546,霸王别姬,5,11,不疯魔，不成活。                                 说好的一辈子，少一天，少一个时辰，都不是一辈子。                       程蝶衣真是绝色，虞姬是真虞姬，霸王却是个假霸王。
0,1291546,霸王别姬,4,13,感触是这班人解放前的生活真够腐朽没落，绝对需要被狠狠的涤荡一下灵魂。袁四爷被枪毙的时候，段小楼还十分不解，可见其与群众之脱离。就像程蝶衣说的，今天这步田地都是自己走出来的，怨不得别人。
0,1291546,霸王别姬,3,21,这么严肃的电影怎么选吴大维来演红卫兵呢？好恶趣味哦。陈凯歌这是学贝托鲁奇的末代皇帝啦。小豆子妈真的是蒋雯丽啊！蒋雯丽当年咋就这么美！！师傅说是人都听戏，不听戏的是畜生，老爷子果然有先见之明！
0,1291546,霸王别姬,5,34,没看过这辈子白活了
0,1291546,霸王别姬,4,13,有人问，你看过最多次的电影是什么，大概是人生的缩影，，人生如戏，戏如人生
0,1291546,霸王别姬,5,27,文革中六亲不认，人格扭曲更是展现到了极致。
0,1291546,霸王别姬,5,52,人生的逢场做戏哪比戏里少。最懂蝶衣的人其实是菊仙。
0,1291546,霸王别姬,5,25,程蝶衣眼神真是顾盼生辉。
0,1291546,霸王别姬,5,15,12年后再看《霸王别姬》。在大银幕前，看老旧胶片丝丝作响，怀念张国荣，也怀念某种值得讴歌的自由与尊严。那种疯魔的戏痴啊，终于也被折磨出崩溃境地，让这荒唐世道显得难堪如斯。这次看，觉得最真性情的，还得加一个菊仙，真是差点忘了她的好。
0,1291546,霸王别姬,4,12,终于从头到尾刷了一遍。电影本身简直是满分，陈凯歌大概真是拍这部片的时候把一辈子的艺术才华都透支了。然而作为相对还算熟悉京剧和近现代史的观众，实在觉得故事假到分分钟出戏，主要人物也喜欢不起来。顺便张国荣学戏是下了苦功，可惜还是生硬。真正让人惊艳的是少年小豆子，一查果然是正经科班。
0,1291546,霸王别姬,2,37,看了几遍都不喜欢
0,1291546,霸王别姬,5,20,目前为止我看过的最好的中国电影 没有之一 因为看介绍是同性类型的还一直迟迟不敢看怕接受不了 后来又听室友说和历史有关就看了 真的很赞 欠这部一篇长评 一定会写的 我最近实在是太懒了😝
0,1291546,霸王别姬,5,43,补标经典，莫名觉得哥哥和张风毅风格很搭。旧时代的戏班子好残酷啊，红色年代也好疯狂-_-#
0,1291546,霸王别姬,5,16,段小楼成全了程蝶衣一次，蝶衣却成全了小楼一辈子。小楼的不能坚持，不是因为菊仙，就算没菊仙，也还会有各种别的原因。真正的原因是他自己的不敢。怎么敢在凡人堆儿里回应蝶衣的期待……直到那泣不成声的质问，才暴露那份儿心底里的在乎。
0,1291546,霸王别姬,1,19,虽然我是gay，而且还看过不少G片，这部看得还比较早……可是我真的欣赏不来，get不到点啊！！！！“这出戏何至于唱到最后非要自杀”啊？！！！！最要命的是get不到哥哥的“美好”，雌雄莫辨的中性美我还是更青睐“林青霞”！
0,1291546,霸王别姬,4,12,永远的哥哥……不朽的纯洁又绝望的爱，虞姬是你，世上却早无霸王。愿所有真情都能善终……
0,1291546,霸王别姬,5,24,别的不用多说，就张国荣的音容笑貌我现在还记得一清二楚，那个眼神简直要把人魂勾走，太好看了，简直比巩俐还美，美人啊……
0,1291546,霸王别姬,4,24,哥哥以后再无虞姬。
0,1291546,霸王别姬,5,17,「一个个都他妈忠臣良将的摸样……敢情欺负的还是中国人。」
